2.770000	2.656232e-06	2.936876e-05	1.043989e-05	4.180787e-05	
2.771001	2.685368e-06	3.009902e-05	1.060898e-05	4.205598e-05	
2.772002	2.720472e-06	3.087310e-05	1.078067e-05	4.229064e-05	
2.773002	2.761698e-06	3.169200e-05	1.095494e-05	4.251133e-05	
2.774003	2.809201e-06	3.255675e-05	1.113178e-05	4.271759e-05	
2.775004	2.863130e-06	3.346828e-05	1.131117e-05	4.290891e-05	
2.776005	2.923415e-06	3.442575e-05	1.149298e-05	4.308516e-05	
2.777006	2.989757e-06	3.542641e-05	1.167699e-05	4.324658e-05	
2.778007	3.061842e-06	3.646736e-05	1.186293e-05	4.339340e-05	
2.779007	3.139357e-06	3.754575e-05	1.205058e-05	4.352588e-05	
2.780008	3.221988e-06	3.865869e-05	1.223968e-05	4.364427e-05	
2.781009	3.309422e-06	3.980332e-05	1.242998e-05	4.374882e-05	
2.782010	3.401347e-06	4.097675e-05	1.262125e-05	4.383978e-05	
2.783011	3.497449e-06	4.217613e-05	1.281323e-05	4.391739e-05	
2.784011	3.597414e-06	4.339858e-05	1.300569e-05	4.398190e-05	
2.785012	3.700930e-06	4.464121e-05	1.319837e-05	4.403357e-05	
2.786013	3.807684e-06	4.590117e-05	1.339104e-05	4.407264e-05	
2.787014	3.917361e-06	4.717558e-05	1.358344e-05	4.409936e-05	
2.788015	4.029650e-06	4.846156e-05	1.377533e-05	4.411398e-05	
2.789016	4.144236e-06	4.975625e-05	1.396647e-05	4.411675e-05	
2.790016	4.260806e-06	5.105676e-05	1.415661e-05	4.410792e-05	
2.791017	4.379048e-06	5.236024e-05	1.434551e-05	4.408774e-05	
2.792018	4.498648e-06	5.366380e-05	1.453292e-05	4.405646e-05	
2.793019	4.619293e-06	5.496457e-05	1.471859e-05	4.401432e-05	
2.794020	4.740670e-06	5.625968e-05	1.490228e-05	4.396157e-05	
2.795021	4.862465e-06	5.754625e-05	1.508376e-05	4.389847e-05	
2.796021	4.984365e-06	5.882142e-05	1.526276e-05	4.382527e-05	
2.797022	5.106057e-06	6.008231e-05	1.543904e-05	4.374220e-05	
2.798023	5.227228e-06	6.132605e-05	1.561237e-05	4.364953e-05	
2.799024	5.347565e-06	6.254977e-05	1.578249e-05	4.354750e-05	
2.800025	5.466754e-06	6.375059e-05	1.594917e-05	4.343635e-05	
2.801025	5.584483e-06	6.492564e-05	1.611214e-05	4.331635e-05	
2.802026	5.700437e-06	6.607204e-05	1.627118e-05	4.318773e-05	
2.803027	5.814304e-06	6.718693e-05	1.642603e-05	4.305075e-05	
2.804028	5.925771e-06	6.826744e-05	1.657646e-05	4.290565e-05	
2.805029	6.034524e-06	6.931068e-05	1.672220e-05	4.275269e-05	
2.806030	6.140251e-06	7.031379e-05	1.686303e-05	4.259211e-05	
2.807030	6.242637e-06	7.127390e-05	1.699869e-05	4.242417e-05	
2.808031	6.341370e-06	7.218812e-05	1.712894e-05	4.224910e-05	
2.809032	6.436137e-06	7.305360e-05	1.725353e-05	4.206717e-05	
2.810033	6.526624e-06	7.386745e-05	1.737223e-05	4.187862e-05	
2.811034	6.612518e-06	7.462680e-05	1.748477e-05	4.168370e-05	
2.812034	6.693506e-06	7.532879e-05	1.759093e-05	4.148265e-05	
2.813035	6.769275e-06	7.597053e-05	1.769045e-05	4.127573e-05	
2.814036	6.839511e-06	7.654916e-05	1.778308e-05	4.106319e-05	
2.815037	6.903901e-06	7.706180e-05	1.786859e-05	4.084528e-05	
2.816038	6.962133e-06	7.750558e-05	1.794673e-05	4.062223e-05	
2.817039	7.013893e-06	7.787763e-05	1.801726e-05	4.039432e-05	
2.818039	7.058867e-06	7.817507e-05	1.807992e-05	4.016177e-05	
2.819040	7.096743e-06	7.839503e-05	1.813447e-05	3.992484e-05	
2.820041	7.127207e-06	7.853465e-05	1.818067e-05	3.968379e-05	
2.821042	7.149946e-06	7.859103e-05	1.821828e-05	3.943886e-05	
2.822043	7.164646e-06	7.856133e-05	1.824704e-05	3.919029e-05	
2.823043	7.170996e-06	7.844265e-05	1.826671e-05	3.893834e-05	
2.824044	7.168681e-06	7.823213e-05	1.827705e-05	3.868326e-05	
2.825045	7.157404e-06	7.792703e-05	1.827783e-05	3.842530e-05	
2.826046	7.137224e-06	7.752759e-05	1.826904e-05	3.816461e-05	
2.827047	7.108548e-06	7.703695e-05	1.825093e-05	3.790130e-05	
2.828048	7.071797e-06	7.645839e-05	1.822376e-05	3.763546e-05	
2.829048	7.027392e-06	7.579517e-05	1.818776e-05	3.736717e-05	
2.830049	6.975756e-06	7.505057e-05	1.814319e-05	3.709654e-05	
2.831050	6.917309e-06	7.422786e-05	1.809031e-05	3.682365e-05	
2.832051	6.852474e-06	7.333032e-05	1.802936e-05	3.654859e-05	
2.833052	6.781672e-06	7.236120e-05	1.796059e-05	3.627146e-05	
2.834053	6.705324e-06	7.132380e-05	1.788426e-05	3.599234e-05	
2.835053	6.623852e-06	7.022136e-05	1.780061e-05	3.571133e-05	
2.836054	6.537677e-06	6.905717e-05	1.770990e-05	3.542852e-05	
2.837055	6.447222e-06	6.783451e-05	1.761237e-05	3.514400e-05	
2.838056	6.352907e-06	6.655663e-05	1.750828e-05	3.485786e-05	
2.839057	6.255153e-06	6.522681e-05	1.739788e-05	3.457020e-05	
2.840057	6.154384e-06	6.384833e-05	1.728142e-05	3.428110e-05	
2.841058	6.051019e-06	6.242445e-05	1.715914e-05	3.399065e-05	
2.842059	5.945481e-06	6.095844e-05	1.703130e-05	3.369895e-05	
2.843060	5.838191e-06	5.945358e-05	1.689815e-05	3.340610e-05	
2.844061	5.729571e-06	5.791314e-05	1.675995e-05	3.311217e-05	
2.845062	5.620042e-06	5.634040e-05	1.661693e-05	3.281726e-05	
2.846062	5.510025e-06	5.473861e-05	1.646936e-05	3.252146e-05	
2.847063	5.399943e-06	5.311105e-05	1.631747e-05	3.222487e-05	
2.848064	5.290216e-06	5.146100e-05	1.616154e-05	3.192758e-05	
2.849065	5.181267e-06	4.979172e-05	1.600179e-05	3.162967e-05	
2.850066	5.073517e-06	4.810649e-05	1.583849e-05	3.133124e-05	
2.851066	4.967387e-06	4.640858e-05	1.567188e-05	3.103238e-05	
2.852067	4.863298e-06	4.470126e-05	1.550222e-05	3.073318e-05	
2.853068	4.761673e-06	4.298780e-05	1.532976e-05	3.043373e-05	
2.854069	4.662934e-06	4.127147e-05	1.515474e-05	3.013413e-05	
2.855070	4.567500e-06	3.955554e-05	1.497742e-05	2.983446e-05	
2.856071	4.475794e-06	3.784329e-05	1.479805e-05	2.953482e-05	
2.857071	4.388238e-06	3.613799e-05	1.461688e-05	2.923530e-05	
2.858072	4.305253e-06	3.444291e-05	1.443415e-05	2.893599e-05	
2.859073	4.227261e-06	3.276131e-05	1.425013e-05	2.863697e-05	
2.860074	4.154682e-06	3.109648e-05	1.406506e-05	2.833835e-05	
2.861075	4.087940e-06	2.945167e-05	1.387919e-05	2.804022e-05	
2.862075	4.027454e-06	2.783017e-05	1.369277e-05	2.774266e-05	
2.863076	3.973647e-06	2.623525e-05	1.350605e-05	2.744576e-05	
2.864077	3.926940e-06	2.467017e-05	1.331929e-05	2.714963e-05	
2.865078	3.887755e-06	2.313821e-05	1.313273e-05	2.685434e-05	
2.866079	3.856513e-06	2.164264e-05	1.294662e-05	2.655999e-05	
2.867080	3.833636e-06	2.018674e-05	1.276122e-05	2.626668e-05	
2.868080	3.819545e-06	1.877376e-05	1.257678e-05	2.597449e-05	
2.869081	3.814662e-06	1.740698e-05	1.239354e-05	2.568351e-05	
2.870082	3.819408e-06	1.608969e-05	1.221176e-05	2.539384e-05	
2.871083	3.834205e-06	1.482513e-05	1.203169e-05	2.510557e-05	
2.872084	3.859475e-06	1.361660e-05	1.185357e-05	2.481879e-05	
2.873084	3.895638e-06	1.246735e-05	1.167767e-05	2.453358e-05	
2.874085	3.943117e-06	1.138067e-05	1.150422e-05	2.425005e-05	
2.875086	4.002308e-06	1.035968e-05	1.133348e-05	2.396828e-05	
2.876087	4.073138e-06	9.405000e-06	1.116555e-05	2.368838e-05	
2.877088	4.155126e-06	8.515025e-06	1.100042e-05	2.341044e-05	
2.878089	4.247773e-06	7.688079e-06	1.083808e-05	2.313458e-05	
2.879089	4.350585e-06	6.922484e-06	1.067851e-05	2.286090e-05	
2.880090	4.463063e-06	6.216562e-06	1.052170e-05	2.258950e-05	
2.881091	4.584711e-06	5.568635e-06	1.036763e-05	2.232050e-05	
2.882092	4.715032e-06	4.977025e-06	1.021629e-05	2.205399e-05	
2.883093	4.853529e-06	4.440056e-06	1.006766e-05	2.179008e-05	
2.884094	4.999706e-06	3.956048e-06	9.921741e-06	2.152889e-05	
2.885094	5.153065e-06	3.523325e-06	9.778503e-06	2.127051e-05	
2.886095	5.313111e-06	3.140208e-06	9.637938e-06	2.101505e-05	
2.887096	5.479345e-06	2.805020e-06	9.500031e-06	2.076261e-05	
2.888097	5.651272e-06	2.516083e-06	9.364767e-06	2.051331e-05	
2.889098	5.828394e-06	2.271720e-06	9.232132e-06	2.026725e-05	
2.890098	6.010215e-06	2.070252e-06	9.102112e-06	2.002453e-05	
2.891099	6.196237e-06	1.910002e-06	8.974692e-06	1.978526e-05	
2.892100	6.385965e-06	1.789292e-06	8.849858e-06	1.954954e-05	
2.893101	6.578901e-06	1.706444e-06	8.727596e-06	1.931749e-05	
2.894102	6.774548e-06	1.659781e-06	8.607891e-06	1.908920e-05	
2.895103	6.972410e-06	1.647624e-06	8.490730e-06	1.886478e-05	
2.896103	7.171989e-06	1.668297e-06	8.376097e-06	1.864435e-05	
2.897104	7.372790e-06	1.720121e-06	8.263978e-06	1.842800e-05	
2.898105	7.574315e-06	1.801419e-06	8.154360e-06	1.821583e-05	
2.899106	7.776067e-06	1.910512e-06	8.047227e-06	1.800797e-05	
2.900107	7.977550e-06	2.045724e-06	7.942565e-06	1.780450e-05	
2.901107	8.178266e-06	2.205376e-06	7.840361e-06	1.760555e-05	
2.902108	8.377720e-06	2.387790e-06	7.740599e-06	1.741120e-05	
2.903109	8.575413e-06	2.591290e-06	7.643266e-06	1.722158e-05	
2.904110	8.770850e-06	2.814196e-06	7.548346e-06	1.703678e-05	
2.905111	8.963534e-06	3.054832e-06	7.455826e-06	1.685691e-05	
2.906112	9.152967e-06	3.311519e-06	7.365692e-06	1.668208e-05	
2.907112	9.338653e-06	3.582580e-06	7.277929e-06	1.651239e-05	
2.908113	9.520096e-06	3.866338e-06	7.192522e-06	1.634795e-05	
2.909114	9.696798e-06	4.161113e-06	7.109458e-06	1.618886e-05	
2.910115	9.868262e-06	4.465230e-06	7.028721e-06	1.603524e-05	
2.911116	1.003399e-05	4.777009e-06	6.950299e-06	1.588717e-05	
2.912116	1.019349e-05	5.094773e-06	6.874175e-06	1.574478e-05	
2.913117	1.034626e-05	5.416845e-06	6.800337e-06	1.560817e-05	
2.914118	1.049181e-05	5.741546e-06	6.728769e-06	1.547744e-05	
2.915119	1.062963e-05	6.067199e-06	6.659458e-06	1.535270e-05	
2.916120	1.075924e-05	6.392126e-06	6.592389e-06	1.523405e-05	
2.917121	1.088013e-05	6.714650e-06	6.527547e-06	1.512161e-05	
2.918121	1.099181e-05	7.033092e-06	6.464919e-06	1.501546e-05	
2.919122	1.109378e-05	7.345775e-06	6.404490e-06	1.491574e-05	
2.920123	1.118555e-05	7.651021e-06	6.346245e-06	1.482253e-05	
2.921124	1.126661e-05	7.947153e-06	6.290171e-06	1.473594e-05	
2.922125	1.133647e-05	8.232492e-06	6.236252e-06	1.465608e-05	
2.923126	1.139464e-05	8.505361e-06	6.184476e-06	1.458306e-05	
2.924126	1.144061e-05	8.764082e-06	6.134826e-06	1.451698e-05	
2.925127	1.147393e-05	9.007050e-06	6.087288e-06	1.445793e-05	
2.926128	1.149463e-05	9.233776e-06	6.041815e-06	1.440576e-05	
2.927129	1.150312e-05	9.444653e-06	5.998336e-06	1.436015e-05	
2.928130	1.149985e-05	9.640097e-06	5.956782e-06	1.432075e-05	
2.929130	1.148526e-05	9.820525e-06	5.917082e-06	1.428723e-05	
2.930131	1.145978e-05	9.986353e-06	5.879165e-06	1.425925e-05	
2.931132	1.142385e-05	1.013800e-05	5.842962e-06	1.423647e-05	
2.932133	1.137790e-05	1.027588e-05	5.808400e-06	1.421855e-05	
2.933134	1.132237e-05	1.040040e-05	5.775411e-06	1.420516e-05	
2.934135	1.125770e-05	1.051200e-05	5.743923e-06	1.419595e-05	
2.935135	1.118432e-05	1.061107e-05	5.713866e-06	1.419060e-05	
2.936136	1.110268e-05	1.069805e-05	5.685170e-06	1.418876e-05	
2.937137	1.101320e-05	1.077333e-05	5.657764e-06	1.419009e-05	
2.938138	1.091632e-05	1.083736e-05	5.631577e-06	1.419426e-05	
2.939139	1.081248e-05	1.089052e-05	5.606539e-06	1.420092e-05	
2.940139	1.070212e-05	1.093326e-05	5.582579e-06	1.420975e-05	
2.941140	1.058567e-05	1.096597e-05	5.559628e-06	1.422040e-05	
2.942141	1.046358e-05	1.098908e-05	5.537614e-06	1.423254e-05	
2.943142	1.033626e-05	1.100301e-05	5.516467e-06	1.424582e-05	
2.944143	1.020417e-05	1.100816e-05	5.496116e-06	1.425991e-05	
2.945144	1.006774e-05	1.100497e-05	5.476492e-06	1.427447e-05	
2.946144	9.927401e-06	1.099383e-05	5.457522e-06	1.428917e-05	
2.947145	9.783596e-06	1.097518e-05	5.439138e-06	1.430366e-05	
2.948146	9.636758e-06	1.094942e-05	5.421269e-06	1.431761e-05	
2.949147	9.487326e-06	1.091697e-05	5.403843e-06	1.433068e-05	
2.950148	9.335734e-06	1.087825e-05	5.386791e-06	1.434254e-05	
2.951148	9.182420e-06	1.083368e-05	5.370042e-06	1.435283e-05	
2.952149	9.027820e-06	1.078366e-05	5.353525e-06	1.436124e-05	
2.953150	8.872371e-06	1.072863e-05	5.337171e-06	1.436741e-05	
2.954151	8.716509e-06	1.066899e-05	5.320908e-06	1.437101e-05	
2.955152	8.560670e-06	1.060516e-05	5.304665e-06	1.437171e-05	
2.956153	8.405292e-06	1.053756e-05	5.288374e-06	1.436916e-05	
2.957153	8.250811e-06	1.046661e-05	5.271962e-06	1.436303e-05	
2.958154	8.097662e-06	1.039271e-05	5.255360e-06	1.435298e-05	
2.959155	7.946283e-06	1.031629e-05	5.238497e-06	1.433867e-05	
2.960156	7.797110e-06	1.023776e-05	5.221302e-06	1.431976e-05	
2.961157	7.650580e-06	1.015754e-05	5.203706e-06	1.429592e-05	
2.962158	7.507129e-06	1.007605e-05	5.185637e-06	1.426681e-05	
2.963158	7.367193e-06	9.993701e-06	5.167025e-06	1.423209e-05	
2.964159	7.231210e-06	9.910910e-06	5.147799e-06	1.419142e-05	
2.965160	7.099615e-06	9.828095e-06	5.127890e-06	1.414447e-05	
2.966161	6.972845e-06	9.745671e-06	5.107226e-06	1.409089e-05	
2.967162	6.851337e-06	9.664055e-06	5.085737e-06	1.403035e-05	
2.968162	6.735527e-06	9.583663e-06	5.063352e-06	1.396252e-05	
2.969163	6.625852e-06	9.504913e-06	5.040002e-06	1.388704e-05	
2.970164	6.522747e-06	9.428220e-06	5.015615e-06	1.380360e-05	
2.971165	6.426650e-06	9.354000e-06	4.990121e-06	1.371184e-05	
2.972166	6.337997e-06	9.282671e-06	4.963450e-06	1.361142e-05	
2.973167	6.257225e-06	9.214648e-06	4.935530e-06	1.350203e-05	
2.974167	6.184770e-06	9.150349e-06	4.906292e-06	1.338330e-05	
2.975168	6.121039e-06	9.090165e-06	4.875672e-06	1.325495e-05	
2.976169	6.066067e-06	9.034166e-06	4.843686e-06	1.311710e-05	
2.977170	6.019621e-06	8.982195e-06	4.810412e-06	1.297021e-05	
2.978171	5.981464e-06	8.934092e-06	4.775925e-06	1.281472e-05	
2.979171	5.951358e-06	8.889693e-06	4.740302e-06	1.265110e-05	
2.980172	5.929065e-06	8.848838e-06	4.703621e-06	1.247980e-05	
2.981173	5.914349e-06	8.811365e-06	4.665958e-06	1.230128e-05	
2.982174	5.906971e-06	8.777113e-06	4.627391e-06	1.211598e-05	
2.983175	5.906695e-06	8.745919e-06	4.587996e-06	1.192437e-05	
2.984176	5.913282e-06	8.717621e-06	4.547851e-06	1.172689e-05	
2.985176	5.926495e-06	8.692059e-06	4.507031e-06	1.152401e-05	
2.986177	5.946097e-06	8.669071e-06	4.465614e-06	1.131617e-05	
2.987178	5.971851e-06	8.648494e-06	4.423678e-06	1.110384e-05	
2.988179	6.003518e-06	8.630168e-06	4.381298e-06	1.088746e-05	
2.989180	6.040861e-06	8.613930e-06	4.338552e-06	1.066750e-05	
2.990180	6.083643e-06	8.599619e-06	4.295517e-06	1.044441e-05	
2.991181	6.131626e-06	8.587073e-06	4.252270e-06	1.021863e-05	
2.992182	6.184572e-06	8.576131e-06	4.208887e-06	9.990634e-06	
2.993183	6.242246e-06	8.566631e-06	4.165446e-06	9.760867e-06	
2.994184	6.304407e-06	8.558411e-06	4.122023e-06	9.529787e-06	
2.995185	6.370820e-06	8.551310e-06	4.078696e-06	9.297847e-06	
2.996185	6.441247e-06	8.545165e-06	4.035541e-06	9.065503e-06	
2.997186	6.515450e-06	8.539816e-06	3.992635e-06	8.833210e-06	
2.998187	6.593192e-06	8.535101e-06	3.950056e-06	8.601422e-06	
2.999188	6.674235e-06	8.530857e-06	3.907879e-06	8.370593e-06	
3.000189	6.758341e-06	8.526924e-06	3.866183e-06	8.141180e-06	
3.001189	6.845274e-06	8.523139e-06	3.825043e-06	7.913636e-06	
3.002190	6.934796e-06	8.519341e-06	3.784538e-06	7.688417e-06	
3.003191	7.026669e-06	8.515369e-06	3.744743e-06	7.465976e-06	
3.004192	7.120656e-06	8.511060e-06	3.705736e-06	7.246770e-06	
3.005193	7.216519e-06	8.506253e-06	3.667594e-06	7.031252e-06	
3.006194	7.314021e-06	8.500786e-06	3.630393e-06	6.819878e-06	
3.007194	7.412925e-06	8.494498e-06	3.594210e-06	6.613102e-06	
3.008195	7.512992e-06	8.487227e-06	3.559123e-06	6.411379e-06	
3.009196	7.613985e-06	8.478811e-06	3.525209e-06	6.215164e-06	
3.010197	7.715667e-06	8.469089e-06	3.492544e-06	6.024912e-06	
3.011198	7.817801e-06	8.457899e-06	3.461204e-06	5.841077e-06	
3.012199	7.920148e-06	8.445079e-06	3.431269e-06	5.664114e-06	
3.013199	8.022472e-06	8.430467e-06	3.402813e-06	5.494478e-06	
3.014200	8.124534e-06	8.413903e-06	3.375914e-06	5.332624e-06	
3.015201	8.226098e-06	8.395224e-06	3.350649e-06	5.179007e-06	
3.016202	8.326926e-06	8.374268e-06	3.327095e-06	5.034081e-06	
3.017203	8.426780e-06	8.350875e-06	3.305328e-06	4.898301e-06	
3.018203	8.525423e-06	8.324882e-06	3.285427e-06	4.772122e-06	
3.019204	8.622617e-06	8.296128e-06	3.267467e-06	4.655999e-06	
3.020205	8.718125e-06	8.264450e-06	3.251525e-06	4.550386e-06	
3.021206	8.811709e-06	8.229688e-06	3.237679e-06	4.455739e-06	
3.022207	8.903133e-06	8.191679e-06	3.226005e-06	4.372511e-06	
3.023208	8.992158e-06	8.150263e-06	3.216581e-06	4.301159e-06	
3.024208	9.078546e-06	8.105277e-06	3.209483e-06	4.242136e-06	
3.025209	9.162089e-06	8.056579e-06	3.204779e-06	4.195850e-06	
3.026210	9.242884e-06	8.004247e-06	3.202443e-06	4.162171e-06	
3.027211	9.321227e-06	7.948498e-06	3.202386e-06	4.140632e-06	
3.028212	9.397416e-06	7.889551e-06	3.204520e-06	4.130757e-06	
3.029212	9.471749e-06	7.827625e-06	3.208754e-06	4.132073e-06	
3.030213	9.544524e-06	7.762940e-06	3.215001e-06	4.144107e-06	
3.031214	9.616038e-06	7.695715e-06	3.223170e-06	4.166382e-06	
3.032215	9.686590e-06	7.626169e-06	3.233174e-06	4.198427e-06	
3.033216	9.756477e-06	7.554521e-06	3.244923e-06	4.239766e-06	
3.034217	9.825999e-06	7.480990e-06	3.258329e-06	4.289926e-06	
3.035217	9.895451e-06	7.405795e-06	3.273301e-06	4.348432e-06	
3.036218	9.965133e-06	7.329157e-06	3.289751e-06	4.414811e-06	
3.037219	1.003534e-05	7.251293e-06	3.307591e-06	4.488588e-06	
3.038220	1.010638e-05	7.172424e-06	3.326730e-06	4.569290e-06	
3.039221	1.017854e-05	7.092767e-06	3.347081e-06	4.656442e-06	
3.040221	1.025212e-05	7.012543e-06	3.368554e-06	4.749571e-06	
3.041222	1.032741e-05	6.931971e-06	3.391060e-06	4.848202e-06	
3.042223	1.040473e-05	6.851270e-06	3.414509e-06	4.951861e-06	
3.043224	1.048436e-05	6.770659e-06	3.438814e-06	5.060074e-06	
3.044225	1.056661e-05	6.690357e-06	3.463885e-06	5.172367e-06	
3.045226	1.065176e-05	6.610583e-06	3.489633e-06	5.288267e-06	
3.046226	1.074013e-05	6.531557e-06	3.515969e-06	5.407298e-06	
3.047227	1.083200e-05	6.453498e-06	3.542804e-06	5.528988e-06	
3.048228	1.092768e-05	6.376625e-06	3.570049e-06	5.652861e-06	
3.049229	1.102746e-05	6.301158e-06	3.597614e-06	5.778445e-06	
3.050230	1.113164e-05	6.227314e-06	3.625412e-06	5.905264e-06	
3.051231	1.124052e-05	6.155314e-06	3.653353e-06	6.032845e-06	
3.052231	1.135439e-05	6.085378e-06	3.681347e-06	6.160714e-06	
3.053232	1.147356e-05	6.017723e-06	3.709307e-06	6.288397e-06	
3.054233	1.159833e-05	5.952569e-06	3.737142e-06	6.415419e-06	
3.055234	1.172898e-05	5.890135e-06	3.764764e-06	6.541307e-06	
3.056235	1.186582e-05	5.830642e-06	3.792084e-06	6.665587e-06	
3.057235	1.200915e-05	5.774306e-06	3.819013e-06	6.787784e-06	
3.058236	1.215927e-05	5.721349e-06	3.845462e-06	6.907425e-06	
3.059237	1.231647e-05	5.671989e-06	3.871342e-06	7.024035e-06	
3.060238	1.248104e-05	5.626446e-06	3.896563e-06	7.137140e-06	
3.061239	1.265330e-05	5.584938e-06	3.921038e-06	7.246267e-06	
3.062240	1.283353e-05	5.547684e-06	3.944676e-06	7.350942e-06	
3.063240	1.302204e-05	5.514905e-06	3.967389e-06	7.450689e-06	
3.064241	1.321912e-05	5.486819e-06	3.989088e-06	7.545036e-06	
3.065242	1.342506e-05	5.463645e-06	4.009683e-06	7.633508e-06	
3.066243	1.364018e-05	5.445602e-06	4.029086e-06	7.715631e-06	
3.067244	1.386477e-05	5.432910e-06	4.047208e-06	7.790931e-06	
3.068244	1.409911e-05	5.425789e-06	4.063960e-06	7.858935e-06	
3.069245	1.434352e-05	5.424456e-06	4.079253e-06	7.919167e-06	
3.070246	1.459829e-05	5.429131e-06	4.092997e-06	7.971154e-06	
3.071247	1.486372e-05	5.440034e-06	4.105104e-06	8.014422e-06	
3.072248	1.514011e-05	5.457384e-06	4.115485e-06	8.048497e-06	
3.073249	1.542774e-05	5.481399e-06	4.124050e-06	8.072905e-06	
3.074249	1.572693e-05	5.512300e-06	4.130711e-06	8.087172e-06	
3.075250	1.603790e-05	5.550272e-06	4.135387e-06	8.090873e-06	
3.076251	1.636023e-05	5.595190e-06	4.138076e-06	8.084072e-06	
3.077252	1.669310e-05	5.646750e-06	4.138823e-06	8.067107e-06	
3.078253	1.703570e-05	5.704646e-06	4.137673e-06	8.040319e-06	
3.079253	1.738724e-05	5.768571e-06	4.134670e-06	8.004050e-06	
3.080254	1.774689e-05	5.838220e-06	4.129858e-06	7.958642e-06	
3.081255	1.811386e-05	5.913287e-06	4.123282e-06	7.904436e-06	
3.082256	1.848732e-05	5.993466e-06	4.114986e-06	7.841774e-06	
3.083257	1.886648e-05	6.078450e-06	4.105016e-06	7.770997e-06	
3.084258	1.925052e-05	6.167935e-06	4.093415e-06	7.692446e-06	
3.085258	1.963863e-05	6.261614e-06	4.080229e-06	7.606464e-06	
3.086259	2.003001e-05	6.359181e-06	4.065501e-06	7.513392e-06	
3.087260	2.042384e-05	6.460330e-06	4.049277e-06	7.413571e-06	
3.088261	2.081932e-05	6.564755e-06	4.031600e-06	7.307343e-06	
3.089262	2.121564e-05	6.672151e-06	4.012516e-06	7.195049e-06	
3.090263	2.161199e-05	6.782211e-06	3.992069e-06	7.077031e-06	
3.091263	2.200755e-05	6.894629e-06	3.970303e-06	6.953631e-06	
3.092264	2.240153e-05	7.009100e-06	3.947263e-06	6.825189e-06	
3.093265	2.279310e-05	7.125318e-06	3.922994e-06	6.692048e-06	
3.094266	2.318147e-05	7.242976e-06	3.897540e-06	6.554550e-06	
3.095267	2.356582e-05	7.361768e-06	3.870946e-06	6.413034e-06	
3.096267	2.394534e-05	7.481390e-06	3.843256e-06	6.267844e-06	
3.097268	2.431923e-05	7.601534e-06	3.814515e-06	6.119321e-06	
3.098269	2.468668e-05	7.721895e-06	3.784767e-06	5.967806e-06	
3.099270	2.504687e-05	7.842167e-06	3.754057e-06	5.813641e-06	
3.100271	2.539900e-05	7.962043e-06	3.722430e-06	5.657167e-06	
3.101272	2.574225e-05	8.081219e-06	3.689929e-06	5.498725e-06	
3.102272	2.607583e-05	8.199388e-06	3.656600e-06	5.338659e-06	
3.103273	2.639892e-05	8.316243e-06	3.622488e-06	5.177308e-06	
3.104274	2.671070e-05	8.431480e-06	3.587635e-06	5.015014e-06	
3.105275	2.701038e-05	8.544792e-06	3.552088e-06	4.852120e-06	
3.106276	2.729714e-05	8.655874e-06	3.515891e-06	4.688965e-06	
3.107276	2.757018e-05	8.764418e-06	3.479088e-06	4.525893e-06	
3.108277	2.782868e-05	8.870120e-06	3.441724e-06	4.363245e-06	
3.109278	2.807184e-05	8.972674e-06	3.403844e-06	4.201362e-06	
3.110279	2.829884e-05	9.071773e-06	3.365491e-06	4.040585e-06	
3.111280	2.850888e-05	9.167111e-06	3.326711e-06	3.881256e-06	
3.112281	2.870115e-05	9.258384e-06	3.287548e-06	3.723718e-06	
3.113281	2.887484e-05	9.345283e-06	3.248046e-06	3.568310e-06	
3.114282	2.902913e-05	9.427505e-06	3.208251e-06	3.415375e-06	
3.115283	2.916323e-05	9.504742e-06	3.168206e-06	3.265255e-06	
3.116284	2.927632e-05	9.576689e-06	3.127957e-06	3.118290e-06	
3.117285	2.936760e-05	9.643040e-06	3.087548e-06	2.974823e-06	
3.118285	2.943625e-05	9.703489e-06	3.047022e-06	2.835194e-06	
3.119286	2.948146e-05	9.757730e-06	3.006426e-06	2.699747e-06	
3.120287	2.950243e-05	9.805457e-06	2.965803e-06	2.568821e-06	
3.121288	2.949834e-05	9.846364e-06	2.925199e-06	2.442758e-06	
3.122289	2.946839e-05	9.880145e-06	2.884656e-06	2.321901e-06	
3.123290	2.941178e-05	9.906494e-06	2.844221e-06	2.206591e-06	
3.124290	2.932768e-05	9.925106e-06	2.803938e-06	2.097168e-06	
3.125291	2.921542e-05	9.935713e-06	2.763849e-06	1.993940e-06	
3.126292	2.907551e-05	9.938386e-06	2.723983e-06	1.896915e-06	
3.127293	2.890903e-05	9.933363e-06	2.684360e-06	1.805952e-06	
3.128294	2.871707e-05	9.920885e-06	2.645002e-06	1.720906e-06	
3.129295	2.850071e-05	9.901192e-06	2.605929e-06	1.641636e-06	
3.130295	2.826104e-05	9.874524e-06	2.567163e-06	1.567997e-06	
3.131296	2.799915e-05	9.841121e-06	2.528723e-06	1.499848e-06	
3.132297	2.771614e-05	9.801225e-06	2.490632e-06	1.437044e-06	
3.133298	2.741309e-05	9.755074e-06	2.452909e-06	1.379443e-06	
3.134299	2.709108e-05	9.702910e-06	2.415575e-06	1.326902e-06	
3.135299	2.675122e-05	9.644973e-06	2.378653e-06	1.279278e-06	
3.136300	2.639458e-05	9.581502e-06	2.342161e-06	1.236427e-06	
3.137301	2.602225e-05	9.512739e-06	2.306121e-06	1.198207e-06	
3.138302	2.563534e-05	9.438924e-06	2.270555e-06	1.164475e-06	
3.139303	2.523491e-05	9.360296e-06	2.235482e-06	1.135087e-06	
3.140304	2.482206e-05	9.277097e-06	2.200924e-06	1.109900e-06	
3.141304	2.439789e-05	9.189566e-06	2.166901e-06	1.088772e-06	
3.142305	2.396348e-05	9.097945e-06	2.133435e-06	1.071559e-06	
3.143306	2.351991e-05	9.002472e-06	2.100546e-06	1.058119e-06	
3.144307	2.306828e-05	8.903388e-06	2.068255e-06	1.048307e-06	
3.145308	2.260968e-05	8.800935e-06	2.036582e-06	1.041982e-06	
3.146308	2.214519e-05	8.695351e-06	2.005550e-06	1.039000e-06	
3.147309	2.167591e-05	8.586878e-06	1.975178e-06	1.039218e-06	
3.148310	2.120292e-05	8.475755e-06	1.945487e-06	1.042493e-06	
3.149311	2.072731e-05	8.362223e-06	1.916499e-06	1.048682e-06	
3.150312	2.025017e-05	8.246522e-06	1.888234e-06	1.057641e-06	
3.151313	1.977259e-05	8.128893e-06	1.860712e-06	1.069229e-06	
3.152313	1.929566e-05	8.009576e-06	1.833956e-06	1.083301e-06	
3.153314	1.882046e-05	7.888810e-06	1.807985e-06	1.099715e-06	
3.154315	1.834809e-05	7.766838e-06	1.782821e-06	1.118327e-06	
3.155316	1.787964e-05	7.643897e-06	1.758483e-06	1.138996e-06	
3.156317	1.741618e-05	7.520230e-06	1.734994e-06	1.161576e-06	
3.157317	1.695882e-05	7.396076e-06	1.712374e-06	1.185926e-06	
3.158318	1.650864e-05	7.271676e-06	1.690644e-06	1.211903e-06	
3.159319	1.606673e-05	7.147270e-06	1.669825e-06	1.239363e-06	
3.160320	1.563418e-05	7.023097e-06	1.649937e-06	1.268163e-06	
3.161321	1.521208e-05	6.899400e-06	1.631002e-06	1.298160e-06	
3.162322	1.480151e-05	6.776417e-06	1.613039e-06	1.329212e-06	
3.163322	1.440357e-05	6.654389e-06	1.596071e-06	1.361174e-06	
3.164323	1.401934e-05	6.533556e-06	1.580118e-06	1.393905e-06	
3.165324	1.364991e-05	6.414159e-06	1.565200e-06	1.427261e-06	
3.166325	1.329637e-05	6.296438e-06	1.551339e-06	1.461098e-06	
3.167326	1.295982e-05	6.180634e-06	1.538556e-06	1.495275e-06	
3.168326	1.264133e-05	6.066986e-06	1.526871e-06	1.529647e-06	
3.169327	1.234201e-05	5.955735e-06	1.516305e-06	1.564072e-06	
3.170328	1.206292e-05	5.847121e-06	1.506879e-06	1.598407e-06	
3.171329	1.180518e-05	5.741384e-06	1.498614e-06	1.632509e-06	
3.172330	1.156986e-05	5.638765e-06	1.491530e-06	1.666234e-06	
3.173331	1.135805e-05	5.539505e-06	1.485649e-06	1.699439e-06	
3.174331	1.117084e-05	5.443843e-06	1.480991e-06	1.731982e-06	
3.175332	1.100921e-05	5.352006e-06	1.477573e-06	1.763733e-06	
3.176333	1.087323e-05	5.264123e-06	1.475375e-06	1.794660e-06	
3.177334	1.076261e-05	5.180279e-06	1.474359e-06	1.824776e-06	
3.178335	1.067704e-05	5.100557e-06	1.474491e-06	1.854094e-06	
3.179336	1.061619e-05	5.025043e-06	1.475735e-06	1.882628e-06	
3.180336	1.057977e-05	4.953820e-06	1.478053e-06	1.910389e-06	
3.181337	1.056747e-05	4.886972e-06	1.481411e-06	1.937391e-06	
3.182338	1.057896e-05	4.824584e-06	1.485771e-06	1.963647e-06	
3.183339	1.061396e-05	4.766740e-06	1.491099e-06	1.989170e-06	
3.184340	1.067213e-05	4.713525e-06	1.497357e-06	2.013973e-06	
3.185340	1.075318e-05	4.665022e-06	1.504509e-06	2.038069e-06	
3.186341	1.085680e-05	4.621316e-06	1.512521e-06	2.061472e-06	
3.187342	1.098268e-05	4.582491e-06	1.521354e-06	2.084193e-06	
3.188343	1.113049e-05	4.548631e-06	1.530974e-06	2.106246e-06	
3.189344	1.129995e-05	4.519820e-06	1.541344e-06	2.127644e-06	
3.190345	1.149073e-05	4.496144e-06	1.552429e-06	2.148400e-06	
3.191345	1.170253e-05	4.477685e-06	1.564191e-06	2.168528e-06	
3.192346	1.193503e-05	4.464529e-06	1.576595e-06	2.188039e-06	
3.193347	1.218794e-05	4.456759e-06	1.589605e-06	2.206947e-06	
3.194348	1.246093e-05	4.454459e-06	1.603185e-06	2.225265e-06	
3.195349	1.275369e-05	4.457715e-06	1.617298e-06	2.243006e-06	
3.196349	1.306593e-05	4.466610e-06	1.631909e-06	2.260183e-06	
3.197350	1.339733e-05	4.481229e-06	1.646981e-06	2.276810e-06	
3.198351	1.374757e-05	4.501655e-06	1.662479e-06	2.292898e-06	
3.199352	1.411635e-05	4.527973e-06	1.678365e-06	2.308461e-06	
3.200353	1.450336e-05	4.560268e-06	1.694605e-06	2.323512e-06	
3.201354	1.490829e-05	4.598623e-06	1.711162e-06	2.338064e-06	
3.202354	1.533083e-05	4.643122e-06	1.728000e-06	2.352130e-06	
3.203355	1.577067e-05	4.693851e-06	1.745082e-06	2.365723e-06	
3.204356	1.622750e-05	4.750893e-06	1.762373e-06	2.378856e-06	
3.205357	1.670102e-05	4.814332e-06	1.779836e-06	2.391542e-06	
3.206358	1.719090e-05	4.884253e-06	1.797437e-06	2.403794e-06	
3.207358	1.769684e-05	4.960740e-06	1.815137e-06	2.415625e-06	
3.208359	1.821854e-05	5.043877e-06	1.832901e-06	2.427047e-06	
3.209360	1.875567e-05	5.133748e-06	1.850694e-06	2.438075e-06	
3.210361	1.930794e-05	5.230438e-06	1.868479e-06	2.448721e-06	
3.211362	1.987503e-05	5.334031e-06	1.886220e-06	2.458998e-06	
3.212363	2.045664e-05	5.444611e-06	1.903880e-06	2.468918e-06	
3.213363	2.105244e-05	5.562263e-06	1.921425e-06	2.478496e-06	
3.214364	2.166214e-05	5.687070e-06	1.938817e-06	2.487743e-06	
3.215365	2.228543e-05	5.819118e-06	1.956020e-06	2.496674e-06	
3.216366	2.292198e-05	5.958489e-06	1.972999e-06	2.505300e-06	
3.217367	2.357150e-05	6.105269e-06	1.989717e-06	2.513636e-06	
3.218368	2.423368e-05	6.259541e-06	2.006138e-06	2.521693e-06	
3.219368	2.490820e-05	6.421391e-06	2.022227e-06	2.529485e-06	
3.220369	2.559475e-05	6.590901e-06	2.037946e-06	2.537026e-06	
3.221370	2.629303e-05	6.768157e-06	2.053261e-06	2.544327e-06	
3.222371	2.700273e-05	6.953242e-06	2.068134e-06	2.551402e-06	
3.223372	2.772353e-05	7.146242e-06	2.082529e-06	2.558264e-06	
3.224372	2.845512e-05	7.347239e-06	2.096412e-06	2.564926e-06	
3.225373	2.919716e-05	7.556278e-06	2.109749e-06	2.571399e-06	
3.226374	2.994901e-05	7.773134e-06	2.122540e-06	2.577684e-06	
3.227375	3.070993e-05	7.997477e-06	2.134792e-06	2.583775e-06	
3.228376	3.147918e-05	8.228976e-06	2.146517e-06	2.589670e-06	
3.229377	3.225601e-05	8.467299e-06	2.157723e-06	2.595364e-06	
3.230377	3.303968e-05	8.712116e-06	2.168420e-06	2.600852e-06	
3.231378	3.382944e-05	8.963095e-06	2.178618e-06	2.606130e-06	
3.232379	3.462456e-05	9.219906e-06	2.188327e-06	2.611194e-06	
3.233380	3.542428e-05	9.482218e-06	2.197555e-06	2.616040e-06	
3.234381	3.622788e-05	9.749699e-06	2.206313e-06	2.620663e-06	
3.235381	3.703459e-05	1.002202e-05	2.214611e-06	2.625060e-06	
3.236382	3.784369e-05	1.029885e-05	2.222457e-06	2.629226e-06	
3.237383	3.865442e-05	1.057985e-05	2.229861e-06	2.633157e-06	
3.238384	3.946605e-05	1.086470e-05	2.236833e-06	2.636848e-06	
3.239385	4.027783e-05	1.115306e-05	2.243383e-06	2.640295e-06	
3.240386	4.108901e-05	1.144461e-05	2.249521e-06	2.643495e-06	
3.241386	4.189886e-05	1.173901e-05	2.255254e-06	2.646442e-06	
3.242387	4.270663e-05	1.203593e-05	2.260595e-06	2.649133e-06	
3.243388	4.351157e-05	1.233504e-05	2.265551e-06	2.651563e-06	
3.244389	4.431295e-05	1.263602e-05	2.270133e-06	2.653729e-06	
3.245390	4.511002e-05	1.293851e-05	2.274350e-06	2.655625e-06	
3.246390	4.590204e-05	1.324221e-05	2.278212e-06	2.657248e-06	
3.247391	4.668826e-05	1.354678e-05	2.281728e-06	2.658593e-06	
3.248392	4.746795e-05	1.385187e-05	2.284908e-06	2.659657e-06	
3.249393	4.824035e-05	1.415718e-05	2.287762e-06	2.660434e-06	
3.250394	4.900473e-05	1.446235e-05	2.290299e-06	2.660921e-06	
3.251395	4.976034e-05	1.476707e-05	2.292529e-06	2.661114e-06	
3.252395	5.050644e-05	1.507100e-05	2.294461e-06	2.661007e-06	
3.253396	5.124228e-05	1.537381e-05	2.296105e-06	2.660598e-06	
3.254397	5.196712e-05	1.567517e-05	2.297471e-06	2.659881e-06	
3.255398	5.268023e-05	1.597475e-05	2.298568e-06	2.658853e-06	
3.256399	5.338085e-05	1.627222e-05	2.299405e-06	2.657509e-06	
3.257400	5.406824e-05	1.656724e-05	2.299993e-06	2.655845e-06	
3.258400	5.474166e-05	1.685949e-05	2.300341e-06	2.653856e-06	
3.259401	5.540037e-05	1.714863e-05	2.300459e-06	2.651540e-06	
3.260402	5.604361e-05	1.743433e-05	2.300356e-06	2.648890e-06	
3.261403	5.667066e-05	1.771627e-05	2.300041e-06	2.645904e-06	
3.262404	5.728077e-05	1.799411e-05	2.299525e-06	2.642576e-06	
3.263404	5.787319e-05	1.826752e-05	2.298817e-06	2.638903e-06	
3.264405	5.844717e-05	1.853617e-05	2.297927e-06	2.634880e-06	
3.265406	5.900199e-05	1.879972e-05	2.296864e-06	2.630503e-06	
3.266407	5.953689e-05	1.905785e-05	2.295637e-06	2.625768e-06	
3.267408	6.005112e-05	1.931023e-05	2.294257e-06	2.620670e-06	
3.268409	6.054396e-05	1.955653e-05	2.292733e-06	2.615206e-06	
3.269409	6.101465e-05	1.979641e-05	2.291075e-06	2.609371e-06	
3.270410	6.146245e-05	2.002954e-05	2.289291e-06	2.603161e-06	
3.271411	6.188661e-05	2.025559e-05	2.287393e-06	2.596571e-06	
3.272412	6.228640e-05	2.047423e-05	2.285388e-06	2.589598e-06	
3.273413	6.266107e-05	2.068514e-05	2.283288e-06	2.582237e-06	
3.274413	6.300988e-05	2.088797e-05	2.281102e-06	2.574484e-06	
3.275414	6.333219e-05	2.108246e-05	2.278837e-06	2.566336e-06	
3.276415	6.362803e-05	2.126867e-05	2.276499e-06	2.557804e-06	
3.277416	6.389761e-05	2.144676e-05	2.274087e-06	2.548899e-06	
3.278417	6.414119e-05	2.161692e-05	2.271603e-06	2.539637e-06	
3.279418	6.435901e-05	2.177933e-05	2.269048e-06	2.530029e-06	
3.280418	6.455129e-05	2.193415e-05	2.266425e-06	2.520089e-06	
3.281419	6.471829e-05	2.208157e-05	2.263733e-06	2.509831e-06	
3.282420	6.486023e-05	2.222176e-05	2.260975e-06	2.499267e-06	
3.283421	6.497736e-05	2.235490e-05	2.258152e-06	2.488412e-06	
3.284422	6.506991e-05	2.248117e-05	2.255265e-06	2.477278e-06	
3.285422	6.513812e-05	2.260073e-05	2.252316e-06	2.465879e-06	
3.286423	6.518224e-05	2.271378e-05	2.249305e-06	2.454229e-06	
3.287424	6.520250e-05	2.282047e-05	2.246235e-06	2.442339e-06	
3.288425	6.519914e-05	2.292100e-05	2.243106e-06	2.430225e-06	
3.289426	6.517240e-05	2.301553e-05	2.239919e-06	2.417898e-06	
3.290427	6.512251e-05	2.310424e-05	2.236677e-06	2.405373e-06	
3.291427	6.504971e-05	2.318731e-05	2.233381e-06	2.392663e-06	
3.292428	6.495425e-05	2.326492e-05	2.230031e-06	2.379781e-06	
3.293429	6.483636e-05	2.333724e-05	2.226629e-06	2.366741e-06	
3.294430	6.469629e-05	2.340444e-05	2.223177e-06	2.353555e-06	
3.295431	6.453426e-05	2.346671e-05	2.219675e-06	2.340237e-06	
3.296432	6.435051e-05	2.352422e-05	2.216126e-06	2.326801e-06	
3.297432	6.414530e-05	2.357714e-05	2.212530e-06	2.313259e-06	
3.298433	6.391884e-05	2.362566e-05	2.208889e-06	2.299625e-06	
3.299434	6.367139e-05	2.366995e-05	2.205204e-06	2.285913e-06	
3.300435	6.340319e-05	2.371017e-05	2.201476e-06	2.272136e-06	
3.301436	6.311446e-05	2.374653e-05	2.197707e-06	2.258306e-06	
3.302436	6.280545e-05	2.377917e-05	2.193899e-06	2.244438e-06	
3.303437	6.247639e-05	2.380830e-05	2.190051e-06	2.230544e-06	
3.304438	6.212754e-05	2.383407e-05	2.186167e-06	2.216639e-06	
3.305439	6.175911e-05	2.385667e-05	2.182247e-06	2.202735e-06	
3.306440	6.137136e-05	2.387627e-05	2.178292e-06	2.188845e-06	
3.307441	6.096452e-05	2.389305e-05	2.174303e-06	2.174984e-06	
3.308441	6.053883e-05	2.390718e-05	2.170283e-06	2.161164e-06	
3.309442	6.009453e-05	2.391885e-05	2.166233e-06	2.147398e-06	
3.310443	5.963185e-05	2.392822e-05	2.162153e-06	2.133700e-06	
3.311444	5.915104e-05	2.393548e-05	2.158045e-06	2.120084e-06	
3.312445	5.865233e-05	2.394080e-05	2.153910e-06	2.106562e-06	
3.313445	5.813597e-05	2.394435e-05	2.149751e-06	2.093148e-06	
3.314446	5.760218e-05	2.394632e-05	2.145567e-06	2.079856e-06	
3.315447	5.705122e-05	2.394687e-05	2.141361e-06	2.066698e-06	
3.316448	5.648331e-05	2.394619e-05	2.137134e-06	2.053687e-06	
3.317449	5.589870e-05	2.394445e-05	2.132886e-06	2.040839e-06	
3.318450	5.529762e-05	2.394183e-05	2.128620e-06	2.028164e-06	
3.319450	5.468032e-05	2.393851e-05	2.124337e-06	2.015678e-06	
3.320451	5.404702e-05	2.393465e-05	2.120038e-06	2.003392e-06	
3.321452	5.339798e-05	2.393044e-05	2.115724e-06	1.991322e-06	
3.322453	5.273343e-05	2.392606e-05	2.111397e-06	1.979479e-06	
3.323454	5.205361e-05	2.392167e-05	2.107058e-06	1.967877e-06	
3.324454	5.135875e-05	2.391746e-05	2.102709e-06	1.956530e-06	
3.325455	5.064916e-05	2.391355e-05	2.098350e-06	1.945448e-06	
3.326456	4.992549e-05	2.390986e-05	2.093987e-06	1.934628e-06	
3.327457	4.918848e-05	2.390620e-05	2.089622e-06	1.924064e-06	
3.328458	4.843888e-05	2.390242e-05	2.085261e-06	1.913748e-06	
3.329459	4.767745e-05	2.389834e-05	2.080907e-06	1.903674e-06	
3.330459	4.690494e-05	2.389380e-05	2.076565e-06	1.893834e-06	
3.331460	4.612208e-05	2.388862e-05	2.072239e-06	1.884222e-06	
3.332461	4.532964e-05	2.388263e-05	2.067934e-06	1.874830e-06	
3.333462	4.452836e-05	2.387568e-05	2.063653e-06	1.865652e-06	
3.334463	4.371900e-05	2.386759e-05	2.059402e-06	1.856680e-06	
3.335463	4.290229e-05	2.385819e-05	2.055183e-06	1.847908e-06	
3.336464	4.207900e-05	2.384731e-05	2.051002e-06	1.839328e-06	
3.337465	4.124987e-05	2.383478e-05	2.046863e-06	1.830934e-06	
3.338466	4.041564e-05	2.382044e-05	2.042770e-06	1.822719e-06	
3.339467	3.957708e-05	2.380412e-05	2.038727e-06	1.814676e-06	
3.340468	3.873493e-05	2.378565e-05	2.034738e-06	1.806797e-06	
3.341468	3.788994e-05	2.376485e-05	2.030809e-06	1.799075e-06	
3.342469	3.704286e-05	2.374156e-05	2.026942e-06	1.791505e-06	
3.343470	3.619444e-05	2.371562e-05	2.023143e-06	1.784078e-06	
3.344471	3.534542e-05	2.368685e-05	2.019416e-06	1.776788e-06	
3.345472	3.449657e-05	2.365508e-05	2.015764e-06	1.769628e-06	
3.346473	3.364862e-05	2.362015e-05	2.012193e-06	1.762590e-06	
3.347473	3.280233e-05	2.358189e-05	2.008706e-06	1.755669e-06	
3.348474	3.195845e-05	2.354012e-05	2.005308e-06	1.748856e-06	
3.349475	3.111772e-05	2.349469e-05	2.002003e-06	1.742145e-06	
3.350476	3.028090e-05	2.344541e-05	1.998796e-06	1.735529e-06	
3.351477	2.944874e-05	2.339213e-05	1.995689e-06	1.729000e-06	
3.352477	2.862198e-05	2.333467e-05	1.992689e-06	1.722553e-06	
3.353478	2.780138e-05	2.327287e-05	1.989799e-06	1.716180e-06	
3.354479	2.698768e-05	2.320655e-05	1.987023e-06	1.709873e-06	
3.355480	2.618164e-05	2.313555e-05	1.984366e-06	1.703627e-06	
3.356481	2.538401e-05	2.305970e-05	1.981831e-06	1.697433e-06	
3.357482	2.459552e-05	2.297882e-05	1.979424e-06	1.691286e-06	
3.358482	2.381695e-05	2.289276e-05	1.977149e-06	1.685177e-06	
3.359483	2.304902e-05	2.280135e-05	1.975009e-06	1.679101e-06	
3.360484	2.229250e-05	2.270440e-05	1.973009e-06	1.673049e-06	
3.361485	2.154813e-05	2.260177e-05	1.971153e-06	1.667016e-06	
3.362486	2.081666e-05	2.249327e-05	1.969446e-06	1.660994e-06	
3.363486	2.009885e-05	2.237873e-05	1.967892e-06	1.654976e-06	
3.364487	1.939544e-05	2.225800e-05	1.966494e-06	1.648955e-06	
3.365488	1.870718e-05	2.213090e-05	1.965258e-06	1.642924e-06	
3.366489	1.803482e-05	2.199726e-05	1.964188e-06	1.636877e-06	
3.367490	1.737911e-05	2.185691e-05	1.963288e-06	1.630805e-06	
3.368491	1.674080e-05	2.170968e-05	1.962562e-06	1.624703e-06	
3.369491	1.612064e-05	2.155542e-05	1.962014e-06	1.618563e-06	
3.370492	1.551938e-05	2.139394e-05	1.961649e-06	1.612378e-06	
3.371493	1.493778e-05	2.122508e-05	1.961471e-06	1.606142e-06	
3.372494	1.437657e-05	2.104866e-05	1.961484e-06	1.599847e-06	
3.373495	1.383651e-05	2.086453e-05	1.961693e-06	1.593486e-06	
3.374495	1.331834e-05	2.067252e-05	1.962101e-06	1.587053e-06	
3.375496	1.282264e-05	2.047253e-05	1.962713e-06	1.580545e-06	
3.376497	1.234911e-05	2.026489e-05	1.963526e-06	1.573983e-06	
3.377498	1.189724e-05	2.005003e-05	1.964539e-06	1.567394e-06	
3.378499	1.146651e-05	1.982836e-05	1.965748e-06	1.560805e-06	
3.379500	1.105640e-05	1.960032e-05	1.967150e-06	1.554243e-06	
3.380500	1.066640e-05	1.936633e-05	1.968744e-06	1.547736e-06	
3.381501	1.029599e-05	1.912682e-05	1.970527e-06	1.541309e-06	
3.382502	9.944644e-06	1.888220e-05	1.972496e-06	1.534990e-06	
3.383503	9.611853e-06	1.863291e-05	1.974648e-06	1.528806e-06	
3.384504	9.297098e-06	1.837937e-05	1.976981e-06	1.522784e-06	
3.385505	8.999860e-06	1.812201e-05	1.979492e-06	1.516951e-06	
3.386505	8.719624e-06	1.786125e-05	1.982179e-06	1.511334e-06	
3.387506	8.455870e-06	1.759752e-05	1.985038e-06	1.505959e-06	
3.388507	8.208081e-06	1.733124e-05	1.988068e-06	1.500855e-06	
3.389508	7.975741e-06	1.706284e-05	1.991266e-06	1.496047e-06	
3.390509	7.758331e-06	1.679274e-05	1.994629e-06	1.491563e-06	
3.391509	7.555334e-06	1.652137e-05	1.998155e-06	1.487429e-06	
3.392510	7.366232e-06	1.624916e-05	2.001840e-06	1.483673e-06	
3.393511	7.190509e-06	1.597652e-05	2.005683e-06	1.480322e-06	
3.394512	7.027646e-06	1.570390e-05	2.009681e-06	1.477402e-06	
3.395513	6.877126e-06	1.543170e-05	2.013830e-06	1.474941e-06	
3.396514	6.738431e-06	1.516035e-05	2.018129e-06	1.472965e-06	
3.397514	6.611044e-06	1.489029e-05	2.022575e-06	1.471502e-06	
3.398515	6.494448e-06	1.462193e-05	2.027166e-06	1.470579e-06	
3.399516	6.388125e-06	1.435571e-05	2.031897e-06	1.470222e-06	
3.400517	6.291558e-06	1.409204e-05	2.036768e-06	1.470458e-06	
3.401518	6.204228e-06	1.383136e-05	2.041776e-06	1.471315e-06	
3.402518	6.125619e-06	1.357409e-05	2.046917e-06	1.472819e-06	
3.403519	6.055213e-06	1.332064e-05	2.052189e-06	1.474997e-06	
3.404520	5.992493e-06	1.307146e-05	2.057590e-06	1.477877e-06	
3.405521	5.936941e-06	1.282696e-05	2.063117e-06	1.481485e-06	
3.406522	5.888039e-06	1.258757e-05	2.068767e-06	1.485848e-06	
3.407523	5.845270e-06	1.235372e-05	2.074538e-06	1.490994e-06	
3.408523	5.808117e-06	1.212583e-05	2.080428e-06	1.496948e-06	
3.409524	5.776062e-06	1.190432e-05	2.086433e-06	1.503739e-06	
3.410525	5.748588e-06	1.168962e-05	2.092550e-06	1.511393e-06	
3.411526	5.725177e-06	1.148216e-05	2.098778e-06	1.519937e-06	
3.412527	5.705311e-06	1.128237e-05	2.105114e-06	1.529398e-06	
3.413527	5.688473e-06	1.109065e-05	2.111555e-06	1.539804e-06	
3.414528	5.674146e-06	1.090746e-05	2.118098e-06	1.551180e-06	
3.415529	5.661812e-06	1.073320e-05	2.124741e-06	1.563554e-06	
3.416530	5.650954e-06	1.056830e-05	2.131482e-06	1.576953e-06	
3.417531	5.641054e-06	1.041319e-05	2.138317e-06	1.591404e-06	
3.418532	5.631594e-06	1.026830e-05	2.145244e-06	1.606934e-06	
3.419532	5.622058e-06	1.013405e-05	2.152261e-06	1.623570e-06	
3.420533	5.611927e-06	1.001086e-05	2.159364e-06	1.641339e-06	
3.421534	5.600685e-06	9.899163e-06	2.166552e-06	1.660267e-06	
3.422535	5.587813e-06	9.799382e-06	2.173821e-06	1.680382e-06	
3.423536	5.572794e-06	9.711941e-06	2.181169e-06	1.701711e-06	
3.424537	5.555111e-06	9.637267e-06	2.188594e-06	1.724281e-06	
3.425537	5.534354e-06	9.575654e-06	2.196091e-06	1.748103e-06	
3.426538	5.510540e-06	9.526881e-06	2.203655e-06	1.773126e-06	
3.427539	5.483789e-06	9.490599e-06	2.211276e-06	1.799286e-06	
3.428540	5.454222e-06	9.466463e-06	2.218948e-06	1.826516e-06	
3.429541	5.421958e-06	9.454123e-06	2.226662e-06	1.854750e-06	
3.430541	5.387119e-06	9.453232e-06	2.234411e-06	1.883924e-06	
3.431542	5.349825e-06	9.463443e-06	2.242186e-06	1.913972e-06	
3.432543	5.310197e-06	9.484408e-06	2.249980e-06	1.944829e-06	
3.433544	5.268354e-06	9.515780e-06	2.257786e-06	1.976428e-06	
3.434545	5.224418e-06	9.557211e-06	2.265595e-06	2.008704e-06	
3.435546	5.178509e-06	9.608353e-06	2.273399e-06	2.041591e-06	
3.436546	5.130747e-06	9.668859e-06	2.281191e-06	2.075025e-06	
3.437547	5.081253e-06	9.738381e-06	2.288962e-06	2.108939e-06	
3.438548	5.030147e-06	9.816572e-06	2.296706e-06	2.143268e-06	
3.439549	4.977551e-06	9.903084e-06	2.304414e-06	2.177947e-06	
3.440550	4.923583e-06	9.997569e-06	2.312078e-06	2.212909e-06	
3.441550	4.868366e-06	1.009968e-05	2.319690e-06	2.248090e-06	
3.442551	4.812019e-06	1.020907e-05	2.327243e-06	2.283424e-06	
3.443552	4.754662e-06	1.032539e-05	2.334729e-06	2.318844e-06	
3.444553	4.696417e-06	1.044829e-05	2.342140e-06	2.354286e-06	
3.445554	4.637404e-06	1.057743e-05	2.349468e-06	2.389685e-06	
3.446555	4.577743e-06	1.071246e-05	2.356705e-06	2.424974e-06	
3.447555	4.517554e-06	1.085303e-05	2.363844e-06	2.460087e-06	
3.448556	4.456959e-06	1.099878e-05	2.370877e-06	2.494961e-06	
3.449557	4.396078e-06	1.114939e-05	2.377795e-06	2.529528e-06	
3.450558	4.335031e-06	1.130449e-05	2.384592e-06	2.563723e-06	
3.451559	4.273938e-06	1.146374e-05	2.391258e-06	2.597481e-06	
3.452559	4.212921e-06	1.162680e-05	2.397787e-06	2.630737e-06	
3.453560	4.152099e-06	1.179331e-05	2.404170e-06	2.663424e-06	
3.454561	4.091594e-06	1.196292e-05	2.410401e-06	2.695477e-06	
3.455562	4.031525e-06	1.213530e-05	2.416470e-06	2.726830e-06	
3.456563	3.972013e-06	1.231009e-05	2.422370e-06	2.757419e-06	
3.457564	3.913179e-06	1.248694e-05	2.428093e-06	2.787177e-06	
3.458564	3.855143e-06	1.266551e-05	2.433631e-06	2.816039e-06	
3.459565	3.798026e-06	1.284545e-05	2.438978e-06	2.843939e-06	
3.460566	3.741948e-06	1.302641e-05	2.444124e-06	2.870812e-06	
3.461567	3.687029e-06	1.320804e-05	2.449061e-06	2.896593e-06	
3.462568	3.633390e-06	1.339000e-05	2.453783e-06	2.921215e-06	
3.463568	3.581152e-06	1.357194e-05	2.458281e-06	2.944613e-06	
3.464569	3.530435e-06	1.375351e-05	2.462548e-06	2.966722e-06	
3.465570	3.481359e-06	1.393437e-05	2.466575e-06	2.987475e-06	
3.466571	3.434045e-06	1.411416e-05	2.470354e-06	3.006808e-06	
3.467572	3.388614e-06	1.429254e-05	2.473879e-06	3.024656e-06	
3.468573	3.345185e-06	1.446916e-05	2.477141e-06	3.040951e-06	
3.469573	3.303880e-06	1.464367e-05	2.480132e-06	3.055629e-06	
3.470574	3.264819e-06	1.481573e-05	2.482844e-06	3.068625e-06	
3.471575	3.228123e-06	1.498499e-05	2.485271e-06	3.079872e-06	
3.472576	3.193911e-06	1.515110e-05	2.487402e-06	3.089305e-06	
3.473577	3.162305e-06	1.531371e-05	2.489232e-06	3.096859e-06	
3.474578	3.133424e-06	1.547248e-05	2.490752e-06	3.102468e-06	
3.475578	3.107348e-06	1.562710e-05	2.491958e-06	3.106093e-06	
3.476579	3.084011e-06	1.577743e-05	2.492857e-06	3.107785e-06	
3.477580	3.063313e-06	1.592338e-05	2.493459e-06	3.107616e-06	
3.478581	3.045157e-06	1.606482e-05	2.493776e-06	3.105657e-06	
3.479582	3.029445e-06	1.620167e-05	2.493816e-06	3.101979e-06	
3.480582	3.016079e-06	1.633381e-05	2.493590e-06	3.096655e-06	
3.481583	3.004961e-06	1.646113e-05	2.493109e-06	3.089754e-06	
3.482584	2.995993e-06	1.658354e-05	2.492383e-06	3.081350e-06	
3.483585	2.989077e-06	1.670093e-05	2.491421e-06	3.071512e-06	
3.484586	2.984115e-06	1.681319e-05	2.490235e-06	3.060313e-06	
3.485587	2.981009e-06	1.692021e-05	2.488833e-06	3.047824e-06	
3.486587	2.979661e-06	1.702190e-05	2.487228e-06	3.034116e-06	
3.487588	2.979974e-06	1.711814e-05	2.485428e-06	3.019261e-06	
3.488589	2.981848e-06	1.720884e-05	2.483443e-06	3.003330e-06	
3.489590	2.985187e-06	1.729388e-05	2.481285e-06	2.986394e-06	
3.490591	2.989891e-06	1.737316e-05	2.478963e-06	2.968525e-06	
3.491591	2.995864e-06	1.744657e-05	2.476488e-06	2.949794e-06	
3.492592	3.003007e-06	1.751402e-05	2.473870e-06	2.930273e-06	
3.493593	3.011222e-06	1.757539e-05	2.471118e-06	2.910032e-06	
3.494594	3.020411e-06	1.763058e-05	2.468244e-06	2.889144e-06	
3.495595	3.030476e-06	1.767948e-05	2.465257e-06	2.867680e-06	
3.496596	3.041320e-06	1.772200e-05	2.462168e-06	2.845710e-06	
3.497596	3.052843e-06	1.775802e-05	2.458986e-06	2.823307e-06	
3.498597	3.064949e-06	1.778743e-05	2.455723e-06	2.800542e-06	
3.499598	3.077539e-06	1.781014e-05	2.452387e-06	2.777487e-06	
3.500599	3.090515e-06	1.782604e-05	2.448990e-06	2.754212e-06	
3.501600	3.103779e-06	1.783502e-05	2.445542e-06	2.730789e-06	
3.502600	3.117233e-06	1.783697e-05	2.442053e-06	2.707289e-06	
3.503601	3.130780e-06	1.783180e-05	2.438533e-06	2.683784e-06	
3.504602	3.144321e-06	1.781940e-05	2.434992e-06	2.660346e-06	
3.505603	3.157758e-06	1.779966e-05	2.431440e-06	2.637045e-06	
3.506604	3.170993e-06	1.777247e-05	2.427889e-06	2.613952e-06	
3.507605	3.183929e-06	1.773774e-05	2.424347e-06	2.591141e-06	
3.508605	3.196467e-06	1.769535e-05	2.420825e-06	2.568681e-06	
3.509606	3.208509e-06	1.764520e-05	2.417334e-06	2.546644e-06	
3.510607	3.219957e-06	1.758719e-05	2.413884e-06	2.525101e-06	
3.511608	3.230714e-06	1.752121e-05	2.410484e-06	2.504125e-06	
3.512609	3.240680e-06	1.744716e-05	2.407145e-06	2.483785e-06	
3.513610	3.249760e-06	1.736492e-05	2.403877e-06	2.464155e-06	
3.514610	3.257853e-06	1.727440e-05	2.400691e-06	2.445304e-06	
3.515611	3.264863e-06	1.717548e-05	2.397596e-06	2.427305e-06	
3.516612	3.270691e-06	1.706807e-05	2.394604e-06	2.410229e-06	
3.517613	3.275239e-06	1.695206e-05	2.391723e-06	2.394147e-06	
3.518614	3.278410e-06	1.682735e-05	2.388964e-06	2.379130e-06	
3.519614	3.280105e-06	1.669382e-05	2.386338e-06	2.365250e-06	
3.520615	3.280227e-06	1.655137e-05	2.383855e-06	2.352579e-06	
3.521616	3.278677e-06	1.639991e-05	2.381525e-06	2.341188e-06	
3.522617	3.275357e-06	1.623931e-05	2.379358e-06	2.331147e-06	
3.523618	3.270169e-06	1.606948e-05	2.377364e-06	2.322530e-06	
3.524619	3.263016e-06	1.589032e-05	2.375553e-06	2.315406e-06	
3.525619	3.253842e-06	1.570190e-05	2.373933e-06	2.309821e-06	
3.526620	3.242720e-06	1.550489e-05	2.372495e-06	2.305740e-06	
3.527621	3.229749e-06	1.530007e-05	2.371231e-06	2.303113e-06	
3.528622	3.215027e-06	1.508822e-05	2.370132e-06	2.301889e-06	
3.529623	3.198654e-06	1.487011e-05	2.369189e-06	2.302018e-06	
3.530623	3.180727e-06	1.464652e-05	2.368393e-06	2.303450e-06	
3.531624	3.161344e-06	1.441823e-05	2.367735e-06	2.306133e-06	
3.532625	3.140606e-06	1.418601e-05	2.367205e-06	2.310019e-06	
3.533626	3.118610e-06	1.395065e-05	2.366795e-06	2.315055e-06	
3.534627	3.095454e-06	1.371291e-05	2.366495e-06	2.321193e-06	
3.535628	3.071237e-06	1.347358e-05	2.366298e-06	2.328381e-06	
3.536628	3.046058e-06	1.323343e-05	2.366192e-06	2.336570e-06	
3.537629	3.020015e-06	1.299324e-05	2.366170e-06	2.345708e-06	
3.538630	2.993207e-06	1.275379e-05	2.366223e-06	2.355745e-06	
3.539631	2.965732e-06	1.251585e-05	2.366341e-06	2.366632e-06	
3.540632	2.937689e-06	1.228020e-05	2.366515e-06	2.378317e-06	
3.541632	2.909177e-06	1.204762e-05	2.366736e-06	2.390750e-06	
3.542633	2.880293e-06	1.181888e-05	2.366996e-06	2.403881e-06	
3.543634	2.851136e-06	1.159476e-05	2.367285e-06	2.417660e-06	
3.544635	2.821806e-06	1.137605e-05	2.367594e-06	2.432035e-06	
3.545636	2.792399e-06	1.116351e-05	2.367914e-06	2.446958e-06	
3.546637	2.763016e-06	1.095792e-05	2.368236e-06	2.462376e-06	
3.547637	2.733754e-06	1.076006e-05	2.368551e-06	2.478240e-06	
3.548638	2.704713e-06	1.057071e-05	2.368851e-06	2.494500e-06	
3.549639	2.675990e-06	1.039064e-05	2.369125e-06	2.511105e-06	
3.550640	2.647683e-06	1.022063e-05	2.369364e-06	2.528004e-06	
3.551641	2.619893e-06	1.006146e-05	2.369561e-06	2.545148e-06	
3.552642	2.592716e-06	9.913904e-06	2.369705e-06	2.562486e-06	
3.553642	2.566253e-06	9.778741e-06	2.369789e-06	2.579967e-06	
3.554643	2.540600e-06	9.656746e-06	2.369801e-06	2.597541e-06	
3.555644	2.515857e-06	9.548698e-06	2.369735e-06	2.615158e-06	
3.556645	2.492122e-06	9.455372e-06	2.369580e-06	2.632768e-06	
3.557646	2.469494e-06	9.377547e-06	2.369327e-06	2.650319e-06	
3.558646	2.448072e-06	9.315998e-06	2.368968e-06	2.667762e-06	
3.559647	2.427953e-06	9.271503e-06	2.368493e-06	2.685046e-06	
3.560648	2.409236e-06	9.244839e-06	2.367894e-06	2.702121e-06	
3.561649	2.392021e-06	9.236784e-06	2.367161e-06	2.718936e-06	
3.562650	2.376405e-06	9.248113e-06	2.366285e-06	2.735441e-06	
3.563651	2.362486e-06	9.279604e-06	2.365258e-06	2.751586e-06	
3.564651	2.350364e-06	9.332035e-06	2.364069e-06	2.767320e-06	
3.565652	2.340138e-06	9.406182e-06	2.362711e-06	2.782592e-06	
3.566653	2.331904e-06	9.502821e-06	2.361174e-06	2.797354e-06	
3.567654	2.325763e-06	9.622731e-06	2.359449e-06	2.811553e-06	
3.568655	2.321812e-06	9.766689e-06	2.357527e-06	2.825140e-06	
3.569655	2.320150e-06	9.935470e-06	2.355399e-06	2.838064e-06	
3.570656	2.320876e-06	1.012985e-05	2.353056e-06	2.850275e-06	
3.571657	2.324088e-06	1.035061e-05	2.350488e-06	2.861722e-06	
3.572658	2.329885e-06	1.059853e-05	2.347687e-06	2.872356e-06	
3.573659	2.338365e-06	1.087438e-05	2.344645e-06	2.882125e-06	
3.574660	2.349627e-06	1.117894e-05	2.341350e-06	2.890979e-06	
3.575660	2.363725e-06	1.151252e-05	2.337800e-06	2.898890e-06	
3.576661	2.380594e-06	1.187423e-05	2.334001e-06	2.905884e-06	
3.577662	2.400151e-06	1.226294e-05	2.329961e-06	2.911999e-06	
3.578663	2.422311e-06	1.267754e-05	2.325690e-06	2.917272e-06	
3.579664	2.446989e-06	1.311689e-05	2.321197e-06	2.921740e-06	
3.580664	2.474100e-06	1.357990e-05	2.316490e-06	2.925441e-06	
3.581665	2.503561e-06	1.406542e-05	2.311579e-06	2.928411e-06	
3.582666	2.535286e-06	1.457236e-05	2.306472e-06	2.930689e-06	
3.583667	2.569190e-06	1.509958e-05	2.301178e-06	2.932311e-06	
3.584668	2.605190e-06	1.564598e-05	2.295706e-06	2.933315e-06	
3.585669	2.643201e-06	1.621042e-05	2.290066e-06	2.933737e-06	
3.586669	2.683138e-06	1.679180e-05	2.284265e-06	2.933615e-06	
3.587670	2.724916e-06	1.738898e-05	2.278313e-06	2.932987e-06	
3.588671	2.768452e-06	1.800087e-05	2.272218e-06	2.931889e-06	
3.589672	2.813660e-06	1.862632e-05	2.265991e-06	2.930359e-06	
3.590673	2.860456e-06	1.926424e-05	2.259638e-06	2.928434e-06	
3.591674	2.908755e-06	1.991349e-05	2.253170e-06	2.926151e-06	
3.592674	2.958473e-06	2.057296e-05	2.246596e-06	2.923548e-06	
3.593675	3.009525e-06	2.124153e-05	2.239924e-06	2.920662e-06	
3.594676	3.061827e-06	2.191808e-05	2.233162e-06	2.917529e-06	
3.595677	3.115293e-06	2.260149e-05	2.226321e-06	2.914188e-06	
3.596678	3.169841e-06	2.329065e-05	2.219409e-06	2.910676e-06	
3.597678	3.225384e-06	2.398443e-05	2.212434e-06	2.907029e-06	
3.598679	3.281839e-06	2.468171e-05	2.205407e-06	2.903285e-06	
3.599680	3.339120e-06	2.538138e-05	2.198335e-06	2.899482e-06	
3.600681	3.397144e-06	2.608232e-05	2.191227e-06	2.895656e-06	
3.601682	3.455825e-06	2.678341e-05	2.184093e-06	2.891844e-06	
3.602683	3.515079e-06	2.748353e-05	2.176941e-06	2.888085e-06	
3.603683	3.574822e-06	2.818155e-05	2.169780e-06	2.884415e-06	
3.604684	3.634969e-06	2.887637e-05	2.162620e-06	2.880871e-06	
3.605685	3.695435e-06	2.956687e-05	2.155468e-06	2.877491e-06	
3.606686	3.756137e-06	3.025192e-05	2.148335e-06	2.874313e-06	
3.607687	3.816988e-06	3.093040e-05	2.141228e-06	2.871372e-06	
3.608687	3.877905e-06	3.160120e-05	2.134157e-06	2.868707e-06	
3.609688	3.938803e-06	3.226320e-05	2.127130e-06	2.866355e-06	
3.610689	3.999598e-06	3.291528e-05	2.120157e-06	2.864352e-06	
3.611690	4.060205e-06	3.355631e-05	2.113247e-06	2.862737e-06	
3.612691	4.120539e-06	3.418519e-05	2.106408e-06	2.861546e-06	
3.613692	4.180516e-06	3.480079e-05	2.099649e-06	2.860817e-06	
3.614692	4.240051e-06	3.540199e-05	2.092979e-06	2.860587e-06	
3.615693	4.299060e-06	3.598768e-05	2.086408e-06	2.860893e-06	
3.616694	4.357459e-06	3.655674e-05	2.079943e-06	2.861773e-06	
3.617695	4.415161e-06	3.710804e-05	2.073594e-06	2.863263e-06	
3.618696	4.472084e-06	3.764047e-05	2.067370e-06	2.865402e-06	
3.619696	4.528143e-06	3.815290e-05	2.061279e-06	2.868225e-06	
3.620697	4.583252e-06	3.864423e-05	2.055331e-06	2.871771e-06	
3.621698	4.637327e-06	3.911333e-05	2.049534e-06	2.876077e-06	
3.622699	4.690285e-06	3.955908e-05	2.043898e-06	2.881179e-06	
3.623700	4.742039e-06	3.998037e-05	2.038431e-06	2.887116e-06	
3.624701	4.792506e-06	4.037607e-05	2.033142e-06	2.893924e-06	
3.625701	4.841629e-06	4.074553e-05	2.028037e-06	2.901619e-06	
3.626702	4.889417e-06	4.108922e-05	2.023110e-06	2.910163e-06	
3.627703	4.935890e-06	4.140775e-05	2.018357e-06	2.919509e-06	
3.628704	4.981065e-06	4.170177e-05	2.013773e-06	2.929613e-06	
3.629705	5.024964e-06	4.197188e-05	2.009351e-06	2.940428e-06	
3.630705	5.067604e-06	4.221872e-05	2.005087e-06	2.951909e-06	
3.631706	5.109005e-06	4.244293e-05	2.000974e-06	2.964010e-06	
3.632707	5.149187e-06	4.264511e-05	1.997008e-06	2.976686e-06	
3.633708	5.188168e-06	4.282591e-05	1.993183e-06	2.989890e-06	
3.634709	5.225968e-06	4.298594e-05	1.989493e-06	3.003577e-06	
3.635710	5.262605e-06	4.312584e-05	1.985934e-06	3.017702e-06	
3.636710	5.298100e-06	4.324623e-05	1.982499e-06	3.032217e-06	
3.637711	5.332471e-06	4.334774e-05	1.979183e-06	3.047079e-06	
3.638712	5.365737e-06	4.343100e-05	1.975981e-06	3.062241e-06	
3.639713	5.397918e-06	4.349662e-05	1.972888e-06	3.077656e-06	
3.640714	5.429032e-06	4.354525e-05	1.969897e-06	3.093281e-06	
3.641715	5.459100e-06	4.357750e-05	1.967003e-06	3.109068e-06	
3.642715	5.488140e-06	4.359401e-05	1.964202e-06	3.124973e-06	
3.643716	5.516171e-06	4.359539e-05	1.961487e-06	3.140949e-06	
3.644717	5.543213e-06	4.358229e-05	1.958853e-06	3.156950e-06	
3.645718	5.569285e-06	4.355531e-05	1.956294e-06	3.172932e-06	
3.646719	5.594406e-06	4.351510e-05	1.953806e-06	3.188848e-06	
3.647719	5.618595e-06	4.346227e-05	1.951383e-06	3.204652e-06	
3.648720	5.641871e-06	4.339746e-05	1.949018e-06	3.220300e-06	
3.649721	5.664254e-06	4.332129e-05	1.946708e-06	3.235744e-06	
3.650722	5.685763e-06	4.323439e-05	1.944446e-06	3.250939e-06	
3.651723	5.706417e-06	4.313739e-05	1.942226e-06	3.265841e-06	
3.652724	5.726235e-06	4.303090e-05	1.940045e-06	3.280402e-06	
3.653724	5.745236e-06	4.291557e-05	1.937895e-06	3.294577e-06	
3.654725	5.763440e-06	4.279201e-05	1.935772e-06	3.308321e-06	
3.655726	5.780866e-06	4.266085e-05	1.933669e-06	3.321588e-06	
3.656727	5.797532e-06	4.252273e-05	1.931583e-06	3.334331e-06	
3.657728	5.813459e-06	4.237826e-05	1.929507e-06	3.346506e-06	
3.658728	5.828665e-06	4.222807e-05	1.927435e-06	3.358066e-06	
3.659729	5.843170e-06	4.207279e-05	1.925363e-06	3.368967e-06	
3.660730	5.856993e-06	4.191306e-05	1.923284e-06	3.379161e-06	
3.661731	5.870152e-06	4.174948e-05	1.921194e-06	3.388604e-06	
3.662732	5.882668e-06	4.158270e-05	1.919087e-06	3.397249e-06	
3.663733	5.894559e-06	4.141333e-05	1.916958e-06	3.405052e-06	
3.664733	5.905844e-06	4.124202e-05	1.914800e-06	3.411965e-06	
3.665734	5.916544e-06	4.106937e-05	1.912609e-06	3.417945e-06	
3.666735	5.926676e-06	4.089602e-05	1.910379e-06	3.422944e-06	
3.667736	5.936260e-06	4.072260e-05	1.908105e-06	3.426917e-06	
3.668737	5.945316e-06	4.054973e-05	1.905781e-06	3.429818e-06	
3.669737	5.953862e-06	4.037804e-05	1.903402e-06	3.431602e-06	
3.670738	5.961918e-06	4.020815e-05	1.900963e-06	3.432223e-06	
3.671739	5.969503e-06	4.004070e-05	1.898457e-06	3.431635e-06	
3.672740	5.976636e-06	3.987631e-05	1.895880e-06	3.429792e-06	
3.673741	5.983336e-06	3.971561e-05	1.893225e-06	3.426649e-06	
3.674742	5.989623e-06	3.955922e-05	1.890489e-06	3.422161e-06	
3.675742	5.995531e-06	3.940757e-05	1.887667e-06	3.416305e-06	
3.676743	6.001127e-06	3.926070e-05	1.884767e-06	3.409114e-06	
3.677744	6.006484e-06	3.911856e-05	1.881794e-06	3.400626e-06	
3.678745	6.011673e-06	3.898112e-05	1.878755e-06	3.390879e-06	
3.679746	6.016765e-06	3.884836e-05	1.875656e-06	3.379912e-06	
3.680747	6.021832e-06	3.872024e-05	1.872503e-06	3.367764e-06	
3.681747	6.026946e-06	3.859672e-05	1.869302e-06	3.354472e-06	
3.682748	6.032179e-06	3.847778e-05	1.866061e-06	3.340074e-06	
3.683749	6.037602e-06	3.836338e-05	1.862785e-06	3.324611e-06	
3.684750	6.043287e-06	3.825349e-05	1.859480e-06	3.308119e-06	
3.685751	6.049306e-06	3.814807e-05	1.856153e-06	3.290637e-06	
3.686751	6.055729e-06	3.804711e-05	1.852811e-06	3.272204e-06	
3.687752	6.062630e-06	3.795056e-05	1.849460e-06	3.252858e-06	
3.688753	6.070079e-06	3.785838e-05	1.846105e-06	3.232637e-06	
3.689754	6.078148e-06	3.777056e-05	1.842754e-06	3.211580e-06	
3.690755	6.086909e-06	3.768706e-05	1.839412e-06	3.189725e-06	
3.691756	6.096434e-06	3.760783e-05	1.836086e-06	3.167111e-06	
3.692756	6.106793e-06	3.753286e-05	1.832783e-06	3.143776e-06	
3.693757	6.118060e-06	3.746211e-05	1.829508e-06	3.119758e-06	
3.694758	6.130305e-06	3.739555e-05	1.826268e-06	3.095096e-06	
3.695759	6.143601e-06	3.733315e-05	1.823070e-06	3.069829e-06	
3.696760	6.158018e-06	3.727486e-05	1.819919e-06	3.043993e-06	
3.697760	6.173628e-06	3.722067e-05	1.816822e-06	3.017629e-06	
3.698761	6.190504e-06	3.717054e-05	1.813785e-06	2.990774e-06	
3.699762	6.208717e-06	3.712443e-05	1.810816e-06	2.963467e-06	
3.700763	6.228338e-06	3.708231e-05	1.807919e-06	2.935746e-06	
3.701764	6.249440e-06	3.704416e-05	1.805101e-06	2.907650e-06	
3.702765	6.272093e-06	3.700994e-05	1.802369e-06	2.879217e-06	
3.703765	6.296370e-06	3.697962e-05	1.799729e-06	2.850485e-06	
3.704766	6.322342e-06	3.695316e-05	1.797188e-06	2.821493e-06	
3.705767	6.350081e-06	3.693053e-05	1.794751e-06	2.792279e-06	
3.706768	6.379658e-06	3.691170e-05	1.792425e-06	2.762881e-06	
3.707769	6.411145e-06	3.689664e-05	1.790216e-06	2.733339e-06	
3.708769	6.444615e-06	3.688532e-05	1.788132e-06	2.703690e-06	
3.709770	6.480137e-06	3.687770e-05	1.786177e-06	2.673973e-06	
3.710771	6.517785e-06	3.687375e-05	1.784358e-06	2.644226e-06	
3.711772	6.557630e-06	3.687345e-05	1.782682e-06	2.614487e-06	
3.712773	6.599743e-06	3.687674e-05	1.781155e-06	2.584796e-06	
3.713774	6.644197e-06	3.688362e-05	1.779784e-06	2.555190e-06	
3.714774	6.691062e-06	3.689403e-05	1.778574e-06	2.525707e-06	
3.715775	6.740411e-06	3.690796e-05	1.777532e-06	2.496387e-06	
3.716776	6.792315e-06	3.692536e-05	1.776665e-06	2.467268e-06	
3.717777	6.846845e-06	3.694621e-05	1.775978e-06	2.438387e-06	
3.718778	6.904074e-06	3.697048e-05	1.775478e-06	2.409784e-06	
3.719779	6.964074e-06	3.699812e-05	1.775172e-06	2.381496e-06	
3.720779	7.026915e-06	3.702911e-05	1.775065e-06	2.353563e-06	
3.721780	7.092669e-06	3.706342e-05	1.775165e-06	2.326022e-06	
3.722781	7.161409e-06	3.710102e-05	1.775476e-06	2.298913e-06	
3.723782	7.233206e-06	3.714186e-05	1.776007e-06	2.272272e-06	
3.724783	7.308130e-06	3.718593e-05	1.776762e-06	2.246140e-06	
3.725783	7.386155e-06	3.723305e-05	1.777743e-06	2.220548e-06	
3.726784	7.467070e-06	3.728283e-05	1.778940e-06	2.195518e-06	
3.727785	7.550642e-06	3.733482e-05	1.780341e-06	2.171071e-06	
3.728786	7.636636e-06	3.738861e-05	1.781935e-06	2.147229e-06	
3.729787	7.724820e-06	3.744375e-05	1.783712e-06	2.124010e-06	
3.730788	7.814961e-06	3.749981e-05	1.785659e-06	2.101437e-06	
3.731788	7.906825e-06	3.755637e-05	1.787766e-06	2.079530e-06	
3.732789	8.000180e-06	3.761298e-05	1.790021e-06	2.058310e-06	
3.733790	8.094792e-06	3.766922e-05	1.792413e-06	2.037797e-06	
3.734791	8.190427e-06	3.772465e-05	1.794931e-06	2.018012e-06	
3.735792	8.286854e-06	3.777884e-05	1.797564e-06	1.998976e-06	
3.736792	8.383838e-06	3.783135e-05	1.800300e-06	1.980710e-06	
3.737793	8.481146e-06	3.788177e-05	1.803128e-06	1.963234e-06	
3.738794	8.578545e-06	3.792964e-05	1.806038e-06	1.946569e-06	
3.739795	8.675803e-06	3.797455e-05	1.809017e-06	1.930736e-06	
3.740796	8.772685e-06	3.801605e-05	1.812055e-06	1.915755e-06	
3.741797	8.868960e-06	3.805372e-05	1.815140e-06	1.901648e-06	
3.742797	8.964392e-06	3.808712e-05	1.818261e-06	1.888434e-06	
3.743798	9.058750e-06	3.811582e-05	1.821407e-06	1.876135e-06	
3.744799	9.151800e-06	3.813939e-05	1.824566e-06	1.864771e-06	
3.745800	9.243309e-06	3.815740e-05	1.827728e-06	1.854363e-06	
3.746801	9.333044e-06	3.816940e-05	1.830882e-06	1.844932e-06	
3.747801	9.420771e-06	3.817498e-05	1.834015e-06	1.836499e-06	
3.748802	9.506258e-06	3.817369e-05	1.837117e-06	1.829084e-06	
3.749803	9.589271e-06	3.816511e-05	1.840176e-06	1.822707e-06	
3.750804	9.669577e-06	3.814880e-05	1.843182e-06	1.817391e-06	
3.751805	9.746943e-06	3.812433e-05	1.846123e-06	1.813154e-06	
3.752806	9.821135e-06	3.809127e-05	1.848988e-06	1.810019e-06	
3.753806	9.891921e-06	3.804918e-05	1.851765e-06	1.808006e-06	
3.754807	9.959067e-06	3.799763e-05	1.854444e-06	1.807135e-06	
3.755808	1.002234e-05	3.793620e-05	1.857013e-06	1.807427e-06	
3.756809	1.008151e-05	3.786444e-05	1.859461e-06	1.808903e-06	
3.757810	1.013634e-05	3.778192e-05	1.861777e-06	1.811584e-06	
3.758811	1.018659e-05	3.768822e-05	1.863949e-06	1.815490e-06	
3.759811	1.023204e-05	3.758289e-05	1.865966e-06	1.820643e-06	
3.760812	1.027245e-05	3.746552e-05	1.867818e-06	1.827062e-06	
3.761813	1.030759e-05	3.733565e-05	1.869492e-06	1.834769e-06	
3.762814	1.033723e-05	3.719287e-05	1.870978e-06	1.843784e-06	
3.763815	1.036112e-05	3.703674e-05	1.872265e-06	1.854128e-06	
3.764815	1.037905e-05	3.686683e-05	1.873340e-06	1.865822e-06	
3.765816	1.039077e-05	3.668269e-05	1.874194e-06	1.878886e-06	
3.766817	1.039605e-05	3.648391e-05	1.874814e-06	1.893341e-06	
3.767818	1.039466e-05	3.627005e-05	1.875190e-06	1.909208e-06	
3.768819	1.038637e-05	3.604068e-05	1.875310e-06	1.926508e-06	
3.769820	1.037094e-05	3.579536e-05	1.875163e-06	1.945261e-06	
3.770820	1.034813e-05	3.553366e-05	1.874738e-06	1.965488e-06	
3.771821	1.031773e-05	3.525515e-05	1.874023e-06	1.987210e-06	
3.772822	1.027949e-05	3.495940e-05	1.873008e-06	2.010447e-06	
3.773823	1.023317e-05	3.464597e-05	1.871681e-06	2.035220e-06	
3.774824	1.017856e-05	3.431443e-05	1.870031e-06	2.061551e-06	
3.775824	1.011560e-05	3.396482e-05	1.868061e-06	2.089448e-06	
3.776825	1.004456e-05	3.359792e-05	1.865795e-06	2.118908e-06	
3.777826	9.965739e-06	3.321459e-05	1.863261e-06	2.149923e-06	
3.778827	9.879437e-06	3.281570e-05	1.860486e-06	2.182484e-06	
3.779828	9.785955e-06	3.240213e-05	1.857498e-06	2.216586e-06	
3.780829	9.685591e-06	3.197473e-05	1.854324e-06	2.252220e-06	
3.781829	9.578645e-06	3.153437e-05	1.850992e-06	2.289380e-06	
3.782830	9.465416e-06	3.108193e-05	1.847528e-06	2.328058e-06	
3.783831	9.346204e-06	3.061826e-05	1.843961e-06	2.368246e-06	
3.784832	9.221308e-06	3.014423e-05	1.840317e-06	2.409937e-06	
3.785833	9.091028e-06	2.966072e-05	1.836625e-06	2.453124e-06	
3.786833	8.955663e-06	2.916858e-05	1.832910e-06	2.497800e-06	
3.787834	8.815513e-06	2.866869e-05	1.829202e-06	2.543958e-06	
3.788835	8.670877e-06	2.816190e-05	1.825527e-06	2.591589e-06	
3.789836	8.522054e-06	2.764909e-05	1.821912e-06	2.640686e-06	
3.790837	8.369344e-06	2.713113e-05	1.818385e-06	2.691243e-06	
3.791838	8.213047e-06	2.660887e-05	1.814974e-06	2.743252e-06	
3.792838	8.053462e-06	2.608320e-05	1.811705e-06	2.796705e-06	
3.793839	7.890888e-06	2.555496e-05	1.808607e-06	2.851596e-06	
3.794840	7.725625e-06	2.502504e-05	1.805706e-06	2.907917e-06	
3.795841	7.557973e-06	2.449430e-05	1.803030e-06	2.965660e-06	
3.796842	7.388230e-06	2.396359e-05	1.800606e-06	3.024818e-06	
3.797842	7.216697e-06	2.343380e-05	1.798462e-06	3.085384e-06	
3.798843	7.043672e-06	2.290579e-05	1.796625e-06	3.147351e-06	
3.799844	6.869455e-06	2.238042e-05	1.795123e-06	3.210711e-06	
3.800845	6.694346e-06	2.185856e-05	1.793982e-06	3.275456e-06	
3.801846	6.518645e-06	2.134108e-05	1.793231e-06	3.341581e-06	
3.802847	6.342650e-06	2.082884e-05	1.792896e-06	3.409076e-06	
3.803847	6.166661e-06	2.032271e-05	1.793005e-06	3.477935e-06	
3.804848	5.990977e-06	1.982356e-05	1.793586e-06	3.548151e-06	
3.805849	5.815899e-06	1.933225e-05	1.794666e-06	3.619716e-06	
3.806850	5.641724e-06	1.884966e-05	1.796271e-06	3.692623e-06	
3.807851	5.468754e-06	1.837664e-05	1.798431e-06	3.766864e-06	
3.808852	5.297287e-06	1.791407e-05	1.801171e-06	3.842433e-06	
3.809852	5.127624e-06	1.746281e-05	1.804520e-06	3.919321e-06	
3.810853	4.960062e-06	1.702372e-05	1.808504e-06	3.997522e-06	
3.811854	4.794902e-06	1.659768e-05	1.813152e-06	4.077028e-06	
3.812855	4.632443e-06	1.618555e-05	1.818490e-06	4.157831e-06	
3.813856	4.472986e-06	1.578820e-05	1.824546e-06	4.239926e-06	
3.814856	4.316828e-06	1.540649e-05	1.831347e-06	4.323303e-06	
3.815857	4.164270e-06	1.504130e-05	1.838922e-06	4.407956e-06	
3.816858	4.015611e-06	1.469348e-05	1.847296e-06	4.493878e-06	
3.817859	3.871150e-06	1.436391e-05	1.856497e-06	4.581060e-06	
3.818860	3.731188e-06	1.405345e-05	1.866554e-06	4.669497e-06	
3.819861	3.596023e-06	1.376296e-05	1.877493e-06	4.759180e-06	
3.820861	3.465955e-06	1.349332e-05	1.889341e-06	4.850102e-06	
3.821862	3.341284e-06	1.324540e-05	1.902127e-06	4.942256e-06	
3.822863	3.222308e-06	1.302005e-05	1.915877e-06	5.035634e-06	
3.823864	3.109328e-06	1.281814e-05	1.930618e-06	5.130229e-06	
3.824865	3.002639e-06	1.264054e-05	1.946379e-06	5.226034e-06	
3.825865	2.902374e-06	1.248750e-05	1.963162e-06	5.323050e-06	
3.826866	2.808411e-06	1.235841e-05	1.980936e-06	5.421288e-06	
3.827867	2.720605e-06	1.225253e-05	1.999667e-06	5.520762e-06	
3.828868	2.638813e-06	1.216918e-05	2.019319e-06	5.621486e-06	
3.829869	2.562892e-06	1.210762e-05	2.039859e-06	5.723472e-06	
3.830870	2.492697e-06	1.206716e-05	2.061251e-06	5.826734e-06	
3.831870	2.428086e-06	1.204708e-05	2.083461e-06	5.931285e-06	
3.832871	2.368915e-06	1.204667e-05	2.106454e-06	6.037139e-06	
3.833872	2.315040e-06	1.206522e-05	2.130195e-06	6.144308e-06	
3.834873	2.266317e-06	1.210202e-05	2.154651e-06	6.252807e-06	
3.835874	2.222603e-06	1.215635e-05	2.179785e-06	6.362648e-06	
3.836874	2.183754e-06	1.222752e-05	2.205565e-06	6.473845e-06	
3.837875	2.149628e-06	1.231480e-05	2.231954e-06	6.586411e-06	
3.838876	2.120079e-06	1.241749e-05	2.258919e-06	6.700359e-06	
3.839877	2.094965e-06	1.253488e-05	2.286424e-06	6.815703e-06	
3.840878	2.074141e-06	1.266625e-05	2.314435e-06	6.932456e-06	
3.841879	2.057465e-06	1.281089e-05	2.342918e-06	7.050631e-06	
3.842879	2.044793e-06	1.296809e-05	2.371837e-06	7.170241e-06	
3.843880	2.035981e-06	1.313715e-05	2.401159e-06	7.291301e-06	
3.844881	2.030885e-06	1.331735e-05	2.430848e-06	7.413822e-06	
3.845882	2.029362e-06	1.350799e-05	2.460870e-06	7.537819e-06	
3.846883	2.031268e-06	1.370834e-05	2.491190e-06	7.663305e-06	
3.847884	2.036461e-06	1.391770e-05	2.521774e-06	7.790293e-06	
3.848884	2.044795e-06	1.413536e-05	2.552586e-06	7.918796e-06	
3.849885	2.056128e-06	1.436060e-05	2.583593e-06	8.048828e-06	
3.850886	2.070315e-06	1.459273e-05	2.614759e-06	8.180402e-06	
3.851887	2.087214e-06	1.483102e-05	2.646051e-06	8.313531e-06	
3.852888	2.106681e-06	1.507476e-05	2.677432e-06	8.448229e-06	
3.853888	2.128572e-06	1.532325e-05	2.708870e-06	8.584509e-06	
3.854889	2.152743e-06	1.557578e-05	2.740328e-06	8.722384e-06	
3.855890	2.179051e-06	1.583162e-05	2.771773e-06	8.861868e-06	
3.856891	2.207353e-06	1.609008e-05	2.803169e-06	9.002973e-06	
3.857892	2.237504e-06	1.635044e-05	2.834483e-06	9.145713e-06	
3.858893	2.269361e-06	1.661199e-05	2.865679e-06	9.290102e-06	
3.859893	2.302781e-06	1.687402e-05	2.896723e-06	9.436153e-06	
3.860894	2.337620e-06	1.713582e-05	2.927580e-06	9.583879e-06	
3.861895	2.373734e-06	1.739668e-05	2.958216e-06	9.733293e-06	
3.862896	2.410979e-06	1.765589e-05	2.988596e-06	9.884408e-06	
3.863897	2.449213e-06	1.791273e-05	3.018684e-06	1.003724e-05	
3.864897	2.488292e-06	1.816650e-05	3.048448e-06	1.019180e-05	
3.865898	2.528071e-06	1.841649e-05	3.077851e-06	1.034810e-05	
3.866899	2.568407e-06	1.866197e-05	3.106860e-06	1.050615e-05	
3.867900	2.609158e-06	1.890226e-05	3.135440e-06	1.066598e-05	
3.868901	2.650178e-06	1.913662e-05	3.163555e-06	1.082758e-05	
3.869902	2.691325e-06	1.936436e-05	3.191172e-06	1.099098e-05	
3.870902	2.732454e-06	1.958476e-05	3.218256e-06	1.115619e-05	
3.871903	2.773423e-06	1.979711e-05	3.244771e-06	1.132322e-05	
3.872904	2.814088e-06	2.000070e-05	3.270684e-06	1.149208e-05	
3.873905	2.854305e-06	2.019482e-05	3.295961e-06	1.166279e-05	
3.874906	2.893932e-06	2.037876e-05	3.320565e-06	1.183537e-05	
3.875906	2.932881e-06	2.055231e-05	3.344498e-06	1.200980e-05	
3.876907	2.971142e-06	2.071587e-05	3.367799e-06	1.218608e-05	
3.877908	3.008709e-06	2.086991e-05	3.390516e-06	1.236418e-05	
3.878909	3.045576e-06	2.101490e-05	3.412694e-06	1.254408e-05	
3.879910	3.081739e-06	2.115130e-05	3.434379e-06	1.272577e-05	
3.880911	3.117190e-06	2.127957e-05	3.455615e-06	1.290922e-05	
3.881911	3.151926e-06	2.140017e-05	3.476450e-06	1.309442e-05	
3.882912	3.185940e-06	2.151358e-05	3.496928e-06	1.328135e-05	
3.883913	3.219227e-06	2.162025e-05	3.517096e-06	1.346998e-05	
3.884914	3.251781e-06	2.172065e-05	3.536999e-06	1.366030e-05	
3.885915	3.283597e-06	2.181525e-05	3.556682e-06	1.385229e-05	
3.886916	3.314669e-06	2.190450e-05	3.576191e-06	1.404592e-05	
3.887916	3.344992e-06	2.198887e-05	3.595572e-06	1.424119e-05	
3.888917	3.374559e-06	2.206883e-05	3.614871e-06	1.443806e-05	
3.889918	3.403366e-06	2.214484e-05	3.634133e-06	1.463653e-05	
3.890919	3.431407e-06	2.221737e-05	3.653404e-06	1.483656e-05	
3.891920	3.458677e-06	2.228687e-05	3.672730e-06	1.503815e-05	
3.892920	3.485170e-06	2.235382e-05	3.692156e-06	1.524127e-05	
3.893921	3.510879e-06	2.241867e-05	3.711728e-06	1.544590e-05	
3.894922	3.535801e-06	2.248189e-05	3.731491e-06	1.565202e-05	
3.895923	3.559929e-06	2.254395e-05	3.751492e-06	1.585962e-05	
3.896924	3.583257e-06	2.260530e-05	3.771775e-06	1.606867e-05	
3.897925	3.605781e-06	2.266642e-05	3.792388e-06	1.627915e-05	
3.898925	3.627494e-06	2.272777e-05	3.813374e-06	1.649105e-05	
3.899926	3.648392e-06	2.278981e-05	3.834780e-06	1.670435e-05	
3.900927	3.668468e-06	2.285300e-05	3.856652e-06	1.691902e-05	
3.901928	3.687717e-06	2.291781e-05	3.879035e-06	1.713505e-05	
3.902929	3.706133e-06	2.298471e-05	3.901976e-06	1.735242e-05	
3.903929	3.723711e-06	2.305416e-05	3.925518e-06	1.757111e-05	
3.904930	3.740446e-06	2.312661e-05	3.949709e-06	1.779109e-05	
3.905931	3.756331e-06	2.320255e-05	3.974594e-06	1.801235e-05	
3.906932	3.771362e-06	2.328242e-05	4.000218e-06	1.823488e-05	
3.907933	3.785532e-06	2.336670e-05	4.026628e-06	1.845864e-05	
3.908934	3.798837e-06	2.345584e-05	4.053869e-06	1.868362e-05	
3.909934	3.811270e-06	2.355032e-05	4.081986e-06	1.890981e-05	
3.910935	3.822826e-06	2.365060e-05	4.111025e-06	1.913718e-05	
3.911936	3.833500e-06	2.375714e-05	4.141033e-06	1.936571e-05	
3.912937	3.843285e-06	2.387040e-05	4.172053e-06	1.959538e-05	
3.913938	3.852177e-06	2.399085e-05	4.204134e-06	1.982618e-05	
3.914938	3.860171e-06	2.411896e-05	4.237319e-06	2.005808e-05	
3.915939	3.867259e-06	2.425518e-05	4.271654e-06	2.029107e-05	
3.916940	3.873437e-06	2.439998e-05	4.307186e-06	2.052512e-05	
3.917941	3.878700e-06	2.455383e-05	4.343960e-06	2.076022e-05	
3.918942	3.883041e-06	2.471719e-05	4.382021e-06	2.099634e-05	
3.919943	3.886455e-06	2.489053e-05	4.421416e-06	2.123347e-05	
3.920943	3.888937e-06	2.507430e-05	4.462189e-06	2.147159e-05	
3.921944	3.890481e-06	2.526897e-05	4.504387e-06	2.171068e-05	
3.922945	3.891082e-06	2.547502e-05	4.548055e-06	2.195071e-05	
3.923946	3.890733e-06	2.569289e-05	4.593239e-06	2.219168e-05	
3.924947	3.889431e-06	2.592304e-05	4.639984e-06	2.243355e-05	
3.925947	3.887188e-06	2.616558e-05	4.688276e-06	2.267617e-05	
3.926948	3.884041e-06	2.642012e-05	4.738036e-06	2.291922e-05	
3.927949	3.880029e-06	2.668631e-05	4.789178e-06	2.316238e-05	
3.928950	3.875189e-06	2.696374e-05	4.841619e-06	2.340531e-05	
3.929951	3.869560e-06	2.725203e-05	4.895273e-06	2.364769e-05	
3.930952	3.863179e-06	2.755080e-05	4.950054e-06	2.388918e-05	
3.931952	3.856084e-06	2.785966e-05	5.005880e-06	2.412947e-05	
3.932953	3.848315e-06	2.817824e-05	5.062663e-06	2.436821e-05	
3.933954	3.839908e-06	2.850613e-05	5.120321e-06	2.460509e-05	
3.934955	3.830901e-06	2.884297e-05	5.178767e-06	2.483976e-05	
3.935956	3.821333e-06	2.918836e-05	5.237917e-06	2.507192e-05	
3.936957	3.811243e-06	2.954192e-05	5.297687e-06	2.530121e-05	
3.937957	3.800667e-06	2.990326e-05	5.357991e-06	2.552733e-05	
3.938958	3.789644e-06	3.027201e-05	5.418744e-06	2.574993e-05	
3.939959	3.778212e-06	3.064777e-05	5.479862e-06	2.596869e-05	
3.940960	3.766409e-06	3.103015e-05	5.541259e-06	2.618328e-05	
3.941961	3.754273e-06	3.141879e-05	5.602852e-06	2.639337e-05	
3.942961	3.741842e-06	3.181328e-05	5.664554e-06	2.659864e-05	
3.943962	3.729155e-06	3.221325e-05	5.726282e-06	2.679875e-05	
3.944963	3.716248e-06	3.261831e-05	5.787950e-06	2.699338e-05	
3.945964	3.703162e-06	3.302808e-05	5.849474e-06	2.718219e-05	
3.946965	3.689932e-06	3.344216e-05	5.910769e-06	2.736487e-05	
3.947966	3.676598e-06	3.386018e-05	5.971749e-06	2.754107e-05	
3.948966	3.663198e-06	3.428176e-05	6.032330e-06	2.771048e-05	
3.949967	3.649769e-06	3.470650e-05	6.092428e-06	2.787275e-05	
3.950968	3.636350e-06	3.513402e-05	6.151957e-06	2.802757e-05	
3.951969	3.622978e-06	3.556394e-05	6.210832e-06	2.817461e-05	
3.952970	3.609692e-06	3.599587e-05	6.268969e-06	2.831353e-05	
3.953970	3.596530e-06	3.642943e-05	6.326283e-06	2.844402e-05	
3.954971	3.583530e-06	3.686423e-05	6.382689e-06	2.856573e-05	
3.955972	3.570729e-06	3.729988e-05	6.438101e-06	2.867834e-05	
3.956973	3.558167e-06	3.773601e-05	6.492436e-06	2.878152e-05	
3.957974	3.545881e-06	3.817223e-05	6.545609e-06	2.887495e-05	
3.958975	3.533909e-06	3.860815e-05	6.597534e-06	2.895829e-05	
3.959975	3.522288e-06	3.904339e-05	6.648127e-06	2.903121e-05	
3.960976	3.511059e-06	3.947756e-05	6.697302e-06	2.909340e-05	
3.961977	3.500257e-06	3.991028e-05	6.744976e-06	2.914451e-05	
3.962978	3.489922e-06	4.034116e-05	6.791063e-06	2.918422e-05	
3.963979	3.480091e-06	4.076982e-05	6.835478e-06	2.921221e-05	
3.964979	3.470802e-06	4.119588e-05	6.878137e-06	2.922814e-05	
3.965980	3.462094e-06	4.161894e-05	6.918955e-06	2.923168e-05	
3.966981	3.454004e-06	4.203863e-05	6.957846e-06	2.922250e-05	
3.967982	3.446571e-06	4.245456e-05	6.994726e-06	2.920028e-05	
3.968983	3.439833e-06	4.286634e-05	7.029510e-06	2.916469e-05	
3.969984	3.433827e-06	4.327359e-05	7.062114e-06	2.911540e-05	
3.970984	3.428593e-06	4.367593e-05	7.092452e-06	2.905209e-05	
3.971985	3.424166e-06	4.407297e-05	7.120439e-06	2.897441e-05	
3.972986	3.420587e-06	4.446432e-05	7.145992e-06	2.888204e-05	
3.973987	3.417893e-06	4.484960e-05	7.169024e-06	2.877466e-05	
3.974988	3.416121e-06	4.522843e-05	7.189455e-06	2.865196e-05	
3.975989	3.415277e-06	4.560037e-05	7.207295e-06	2.851411e-05	
3.976989	3.415337e-06	4.596499e-05	7.222656e-06	2.836184e-05	
3.977990	3.416271e-06	4.632181e-05	7.235659e-06	2.819591e-05	
3.978991	3.418053e-06	4.667037e-05	7.246419e-06	2.801708e-05	
3.979992	3.420654e-06	4.701021e-05	7.255057e-06	2.782609e-05	
3.980993	3.424046e-06	4.734088e-05	7.261689e-06	2.762372e-05	
3.981993	3.428203e-06	4.766191e-05	7.266435e-06	2.741070e-05	
3.982994	3.433095e-06	4.797283e-05	7.269412e-06	2.718780e-05	
3.983995	3.438695e-06	4.827320e-05	7.270739e-06	2.695578e-05	
3.984996	3.444975e-06	4.856254e-05	7.270534e-06	2.671538e-05	
3.985997	3.451908e-06	4.884041e-05	7.268915e-06	2.646737e-05	
3.986998	3.459465e-06	4.910632e-05	7.266000e-06	2.621250e-05	
3.987998	3.467619e-06	4.935984e-05	7.261908e-06	2.595152e-05	
3.988999	3.476342e-06	4.960049e-05	7.256757e-06	2.568520e-05	
3.990000	3.485606e-06	4.982781e-05	7.250665e-06	2.541429e-05	
