NO_OF_SAMPLES	442
FREQUENCY	100
TIME_STAMP	2019-10-11, 16:14:55	102329.79542777
FIRST_SAMPLE	1
DESCRIPTION	Force data in local (force plate) coordinates
DATA_INCLUDED	Force
FORCE_PLATE_TYPE	Amti
FORCE_PLATE_MODEL	Unknown
FORCE_PLATE_NAME	Force-plate 1
FORCE_PLATE_CORNER_POSX_POSY_X	-89.748001
FORCE_PLATE_CORNER_POSX_POSY_Y	574.848022
FORCE_PLATE_CORNER_POSX_POSY_Z	0.000000
FORCE_PLATE_CORNER_NEGX_POSY_X	-93.639297
FORCE_PLATE_CORNER_NEGX_POSY_Y	115.820999
FORCE_PLATE_CORNER_NEGX_POSY_Z	0.000000
FORCE_PLATE_CORNER_NEGX_NEGY_X	-595.119995
FORCE_PLATE_CORNER_NEGX_NEGY_Y	120.332001
FORCE_PLATE_CORNER_NEGX_NEGY_Z	0.000000
FORCE_PLATE_CORNER_POSX_NEGY_X	-592.184021
FORCE_PLATE_CORNER_POSX_NEGY_Y	578.882996
FORCE_PLATE_CORNER_POSX_NEGY_Z	0.000000
FORCE_PLATE_LENGTH	508.000000
FORCE_PLATE_WIDTH	463.550000
Sample	Time	Force_X	Force_Y	Force_Z	Moment_X	Moment_Y	Moment_Z	COP_X	COP_Y	COP_Z
1	0.00000	-0.058131	-0.075896	1.368023	0.339704	0.115601	-0.026147	0.000000	0.000000	0.000000	
2	0.01000	0.056024	-0.007859	1.724472	0.276826	0.097105	-0.035314	0.000000	0.000000	0.000000	
3	0.02000	0.146955	0.060819	1.724440	0.277020	0.079112	-0.035363	0.000000	0.000000	0.000000	
4	0.03000	-0.034860	0.037387	1.725049	0.267618	0.105907	-0.021389	0.000000	0.000000	0.000000	
5	0.04000	-0.012088	-0.030619	1.989856	0.295009	0.106168	-0.035310	0.000000	0.000000	0.000000	
6	0.05000	-0.034876	-0.008187	1.636281	0.276431	0.115044	-0.016853	0.000000	0.000000	0.000000	
7	0.06000	0.078889	-0.053251	1.990456	0.294873	0.115351	-0.035460	0.000000	0.000000	0.000000	
8	0.07000	0.078320	-0.007175	1.546068	0.330978	0.106645	-0.035445	0.000000	0.000000	0.000000	
9	0.08000	-0.057898	-0.031003	1.370126	0.276385	0.115086	-0.025994	0.000000	0.000000	0.000000	
10	0.09000	0.055435	-0.052770	1.368562	0.339813	0.115776	-0.035461	0.000000	0.000000	0.000000	
11	0.10000	0.033189	-0.052784	2.077590	0.340274	0.115644	-0.040083	0.000000	0.000000	0.000000	
12	0.11000	0.055778	-0.007786	1.725198	0.276876	0.115241	-0.049107	0.000000	0.000000	0.000000	
13	0.12000	0.055638	0.060827	1.457119	0.286284	0.061036	-0.048979	0.000000	0.000000	0.000000	
14	0.13000	0.032784	-0.007101	1.633872	0.340291	0.097614	-0.044576	0.000000	0.000000	0.000000	
15	0.14000	-0.012205	-0.053537	1.633775	0.277196	0.060876	-0.048966	0.000000	0.000000	0.000000	
16	0.15000	0.100784	0.107099	1.457501	0.340201	0.097678	-0.035392	0.000000	0.000000	0.000000	
17	0.16000	0.079090	-0.007431	1.898920	0.313285	0.052110	-0.021601	0.000000	0.000000	0.000000	
18	0.17000	0.078830	-0.007870	1.991481	0.267897	0.115146	-0.044554	0.000000	0.000000	0.000000	
19	0.18000	-0.011994	-0.053050	1.988458	0.339941	0.106473	-0.012467	0.000000	0.000000	0.000000	
20	0.19000	0.056233	-0.167435	1.722548	0.285918	0.079149	-0.044598	0.000000	0.000000	0.000000	
21	0.20000	0.124909	-0.099190	2.079085	0.267627	0.097063	-0.021716	0.000000	0.000000	0.000000	
22	0.21000	0.033236	-0.076126	1.636251	0.312262	0.142583	-0.012509	0.000000	0.000000	0.000000	
23	0.22000	0.079699	-0.213365	2.522077	0.258918	0.106002	-0.044716	0.000000	0.000000	0.000000	
24	0.23000	0.055653	0.037818	1.370674	0.285490	0.115295	-0.026114	0.000000	0.000000	0.000000	
25	0.24000	0.033413	-0.075879	1.454144	0.322154	0.034111	-0.021542	0.000000	0.000000	0.000000	
26	0.25000	0.034579	-0.076849	2.522770	0.258446	0.105765	0.005922	0.000000	0.000000	0.000000	
27	0.26000	0.056064	-0.076339	1.723950	0.267929	0.088041	-0.049101	0.000000	0.000000	0.000000	
28	0.27000	0.147124	0.060687	2.081681	0.276556	0.142367	-0.021712	0.000000	0.000000	0.000000	
29	0.28000	0.101527	-0.030077	1.633063	0.322147	0.061325	-0.026242	0.000000	0.000000	0.000000	
30	0.29000	-0.011821	-0.076222	2.522562	0.295158	0.133270	-0.044605	0.000000	0.000000	0.000000	
31	0.30000	0.056631	-0.076709	2.079848	0.249571	0.105880	-0.026176	0.000000	0.000000	0.000000	
32	0.31000	0.056907	0.037763	2.610536	0.286189	0.087912	-0.012420	0.000000	0.000000	0.000000	
33	0.32000	0.101788	-0.052753	1.987747	0.340160	0.079493	-0.017171	0.000000	0.000000	0.000000	
34	0.33000	0.124294	-0.052504	1.899421	0.358076	0.097782	-0.017252	0.000000	0.000000	0.000000	
35	0.34000	-0.012305	-0.007565	1.723297	0.321872	0.106382	-0.021555	0.000000	0.000000	0.000000	
36	0.35000	-0.012485	-0.030419	1.368619	0.321584	0.106433	-0.016950	0.000000	0.000000	0.000000	
37	0.36000	-0.011999	-0.053421	1.899954	0.295131	0.079040	-0.035282	0.000000	0.000000	0.000000	
38	0.37000	0.124608	-0.007645	1.989653	0.286011	0.079106	-0.026243	0.000000	0.000000	0.000000	
39	0.38000	-0.011288	-0.053387	2.607565	0.295791	0.042728	-0.035296	0.000000	0.000000	0.000000	
40	0.39000	0.056492	-0.053509	1.989917	0.285716	0.097100	-0.017031	0.000000	0.000000	0.000000	
41	0.40000	0.033651	-0.053491	1.632988	0.285998	0.042839	-0.021484	0.000000	0.000000	0.000000	
42	0.41000	0.056204	0.106181	1.901656	0.277031	0.078907	-0.021458	0.000000	0.000000	0.000000	
43	0.42000	-0.011962	-0.099151	1.901236	0.294674	0.115228	-0.026184	0.000000	0.000000	0.000000	
44	0.43000	0.033946	-0.030871	2.167512	0.276738	0.096949	-0.012393	0.000000	0.000000	0.000000	
45	0.44000	-0.011927	-0.052901	2.431610	0.340493	0.106463	-0.035452	0.000000	0.000000	0.000000	
46	0.45000	0.055888	-0.098694	1.366834	0.312993	0.061277	-0.035367	0.000000	0.000000	0.000000	
47	0.46000	0.056235	0.061036	2.433294	0.313460	0.106308	-0.035411	0.000000	0.000000	0.000000	
48	0.47000	0.032786	-0.007342	1.724555	0.321960	0.133655	-0.044598	0.000000	0.000000	0.000000	
49	0.48000	0.055794	-0.053014	1.367598	0.321852	0.079410	-0.026199	0.000000	0.000000	0.000000	
50	0.49000	0.055962	-0.099094	1.903110	0.276644	0.142389	-0.049223	0.000000	0.000000	0.000000	
51	0.50000	-0.034780	-0.007448	1.988245	0.340080	0.097378	-0.012392	0.000000	0.000000	0.000000	
52	0.51000	0.056010	0.060598	1.635985	0.285679	0.097122	-0.016919	0.000000	0.000000	0.000000	
53	0.52000	0.056870	-0.076344	2.254065	0.277238	0.051768	-0.026170	0.000000	0.000000	0.000000	
54	0.53000	0.056120	-0.053490	1.635723	0.285515	0.106218	-0.021601	0.000000	0.000000	0.000000	
55	0.54000	0.078955	-0.053381	1.900811	0.277110	0.079047	-0.044546	0.000000	0.000000	0.000000	
56	0.55000	-0.012196	-0.030840	1.457940	0.285482	0.097083	-0.016877	0.000000	0.000000	0.000000	
57	0.56000	0.056075	-0.030668	1.634948	0.276881	0.079027	-0.035298	0.000000	0.000000	0.000000	
58	0.57000	0.033679	-0.098763	2.254666	0.313218	0.097303	-0.035465	0.000000	0.000000	0.000000	
59	0.58000	-0.011638	-0.053601	1.988133	0.286075	0.060818	-0.021480	0.000000	0.000000	0.000000	
60	0.59000	-0.035076	0.060831	1.723220	0.321982	0.097269	-0.016875	0.000000	0.000000	0.000000	
61	0.60000	0.078597	-0.052960	1.722850	0.313162	0.088411	-0.044612	0.000000	0.000000	0.000000	
62	0.61000	0.124119	0.083731	1.457302	0.294973	0.061123	-0.021535	0.000000	0.000000	0.000000	
63	0.62000	0.033352	-0.098562	1.722070	0.339842	0.097554	-0.017113	0.000000	0.000000	0.000000	
64	0.63000	0.079155	-0.053522	2.078745	0.268023	0.087985	-0.039968	0.000000	0.000000	0.000000	
65	0.64000	0.079142	-0.076139	1.899684	0.286144	0.061002	-0.035377	0.000000	0.000000	0.000000	
66	0.65000	0.079293	-0.099195	2.078503	0.267898	0.087986	-0.035411	0.000000	0.000000	0.000000	
67	0.66000	0.215508	-0.007916	1.637785	0.258099	0.115224	-0.007973	0.000000	0.000000	0.000000	
68	0.67000	0.056098	-0.098933	1.723439	0.294808	0.097276	-0.035413	0.000000	0.000000	0.000000	
69	0.68000	0.056468	-0.053424	1.899743	0.286061	0.060939	-0.026152	0.000000	0.000000	0.000000	
70	0.69000	0.102118	-0.030433	2.522532	0.295065	0.115267	-0.026343	0.000000	0.000000	0.000000	
71	0.70000	0.124727	-0.030536	1.722500	0.285851	0.051969	-0.012431	0.000000	0.000000	0.000000	
72	0.71000	-0.011281	-0.030931	2.521512	0.277080	0.087792	-0.016941	0.000000	0.000000	0.000000	
73	0.72000	0.033197	-0.075534	2.076687	0.340501	0.097576	-0.049253	0.000000	0.000000	0.000000	
74	0.73000	0.056340	-0.053441	2.167402	0.277130	0.097072	-0.044564	0.000000	0.000000	0.000000	
75	0.74000	-0.012238	-0.076374	1.635307	0.285696	0.106166	-0.035294	0.000000	0.000000	0.000000	
76	0.75000	0.056056	-0.053588	1.724853	0.267702	0.106109	-0.039931	0.000000	0.000000	0.000000	
77	0.76000	0.033619	-0.076634	1.636060	0.267260	0.106026	-0.012373	0.000000	0.000000	0.000000	
78	0.77000	0.055865	-0.007952	1.636842	0.267649	0.115159	-0.039903	0.000000	0.000000	0.000000	
79	0.78000	0.146792	-0.075844	1.457213	0.294916	0.079362	-0.044649	0.000000	0.000000	0.000000	
80	0.79000	-0.057606	0.105956	1.902491	0.285737	0.114996	-0.012194	0.000000	0.000000	0.000000	
81	0.80000	0.147023	-0.029945	1.989292	0.322176	0.097554	-0.035562	0.000000	0.000000	0.000000	
82	0.81000	0.056177	0.038219	2.255508	0.313399	0.097294	-0.035399	0.000000	0.000000	0.000000	
83	0.82000	0.147111	0.060461	1.726523	0.258393	0.115119	-0.017020	0.000000	0.000000	0.000000	
84	0.83000	0.078787	0.083291	1.636338	0.267722	0.087966	-0.021475	0.000000	0.000000	0.000000	
85	0.84000	0.033224	-0.053554	1.546852	0.276674	0.097115	-0.035301	0.000000	0.000000	0.000000	
86	0.85000	0.056113	-0.007959	1.725259	0.276505	0.115168	-0.021571	0.000000	0.000000	0.000000	
87	0.86000	0.147406	-0.166763	2.166075	0.339873	0.115773	-0.021965	0.000000	0.000000	0.000000	
88	0.87000	-0.012170	-0.030474	1.633660	0.312940	0.079182	-0.021509	0.000000	0.000000	0.000000	
89	0.88000	0.056042	-0.052727	2.165939	0.340381	0.106612	-0.040109	0.000000	0.000000	0.000000	
90	0.89000	-0.057520	-0.030358	2.254422	0.322465	0.097240	-0.039902	0.000000	0.000000	0.000000	
91	0.90000	0.033132	-0.098512	1.633787	0.339850	0.106642	-0.026296	0.000000	0.000000	0.000000	
92	0.91000	0.056611	-0.053423	2.077925	0.294825	0.088095	-0.012454	0.000000	0.000000	0.000000	
93	0.92000	0.079299	-0.121542	1.899191	0.321793	0.079329	-0.007967	0.000000	0.000000	0.000000	
94	0.93000	0.032726	0.038459	1.724298	0.340009	0.133760	-0.035423	0.000000	0.000000	0.000000	
95	0.94000	0.102016	-0.076621	1.724335	0.249499	0.078838	-0.021579	0.000000	0.000000	0.000000	
96	0.95000	0.078206	0.037846	1.282354	0.276563	0.115305	-0.039887	0.000000	0.000000	0.000000	
97	0.96000	0.033765	-0.030008	2.073972	0.340735	0.025092	-0.021587	0.000000	0.000000	0.000000	
98	0.97000	-0.035386	-0.007502	1.902333	0.321949	0.151631	-0.044548	0.000000	0.000000	0.000000	
99	0.98000	0.056042	-0.052940	1.722284	0.330972	0.088463	-0.021671	0.000000	0.000000	0.000000	
100	0.99000	0.079116	0.105837	1.903313	0.249600	0.096799	-0.012282	0.000000	0.000000	0.000000	
101	1.00000	-0.012341	-0.007799	1.723159	0.286228	0.079019	-0.048984	0.000000	0.000000	0.000000	
102	1.01000	0.033054	-0.030425	1.990223	0.286368	0.106244	-0.067478	0.000000	0.000000	0.000000	
103	1.02000	0.033866	-0.030950	2.079126	0.267697	0.096904	-0.016957	0.000000	0.000000	0.000000	
104	1.03000	0.055983	-0.007057	1.988297	0.349284	0.097612	-0.026298	0.000000	0.000000	0.000000	
105	1.04000	0.056141	0.037951	1.901117	0.295039	0.088133	-0.026142	0.000000	0.000000	0.000000	
106	1.05000	0.078531	-0.007045	1.721950	0.340333	0.079539	-0.035442	0.000000	0.000000	0.000000	
107	1.06000	-0.058011	-0.030831	1.370364	0.294297	0.133316	-0.021464	0.000000	0.000000	0.000000	
108	1.07000	-0.035349	-0.053624	1.370559	0.285388	0.133319	-0.035260	0.000000	0.000000	0.000000	
109	1.08000	-0.011856	-0.076008	1.987706	0.322126	0.079211	-0.021590	0.000000	0.000000	0.000000	
110	1.09000	0.033776	-0.076410	1.901074	0.285583	0.097077	-0.012419	0.000000	0.000000	0.000000	
111	1.10000	0.033138	-0.098433	1.632632	0.340176	0.079517	-0.035437	0.000000	0.000000	0.000000	
112	1.11000	0.078948	-0.007364	2.078206	0.322031	0.106452	-0.021707	0.000000	0.000000	0.000000	
113	1.12000	-0.057185	-0.053815	1.900863	0.285589	0.096932	-0.007693	0.000000	0.000000	0.000000	
114	1.13000	0.055613	0.106883	1.902453	0.339939	0.142757	-0.021665	0.000000	0.000000	0.000000	
115	1.14000	0.147068	-0.052447	1.897327	0.340802	0.034395	-0.044697	0.000000	0.000000	0.000000	
116	1.15000	0.078866	0.083195	1.903649	0.258673	0.115013	-0.026108	0.000000	0.000000	0.000000	
117	1.16000	0.056226	-0.053434	1.635101	0.294514	0.097216	-0.012427	0.000000	0.000000	0.000000	
118	1.17000	0.055843	-0.075803	1.723528	0.321868	0.115583	-0.035474	0.000000	0.000000	0.000000	
119	1.18000	0.033454	-0.007638	2.256057	0.295292	0.106206	-0.044557	0.000000	0.000000	0.000000	
120	1.19000	0.033027	-0.008175	1.370596	0.249600	0.096939	-0.044379	0.000000	0.000000	0.000000	
121	1.20000	-0.012455	-0.098605	1.455954	0.339838	0.097557	-0.026207	0.000000	0.000000	0.000000	
122	1.21000	0.056293	-0.053691	1.636397	0.276208	0.115160	-0.007828	0.000000	0.000000	0.000000	
123	1.22000	0.102008	-0.053482	1.989967	0.276773	0.088054	-0.021651	0.000000	0.000000	0.000000	
124	1.23000	-0.103197	0.060142	1.903445	0.276558	0.142048	-0.021364	0.000000	0.000000	0.000000	
125	1.24000	0.078835	-0.007760	1.724314	0.285748	0.097184	-0.026184	0.000000	0.000000	0.000000	
126	1.25000	0.033695	0.106369	2.165826	0.295498	0.051828	-0.021449	0.000000	0.000000	0.000000	
127	1.26000	0.055788	-0.075513	2.079188	0.348888	0.160990	-0.035619	0.000000	0.000000	0.000000	
128	1.27000	-0.012063	-0.007637	1.721670	0.313156	0.061062	-0.021476	0.000000	0.000000	0.000000	
129	1.28000	0.215710	0.061175	2.611333	0.295453	0.097308	-0.035591	0.000000	0.000000	0.000000	
130	1.29000	0.101862	-0.008145	1.904020	0.258217	0.133135	-0.012459	0.000000	0.000000	0.000000	
131	1.30000	0.078661	-0.007641	1.457371	0.294791	0.079199	-0.026153	0.000000	0.000000	0.000000	
132	1.31000	-0.012313	0.106082	1.725373	0.285683	0.115099	-0.016828	0.000000	0.000000	0.000000	
133	1.32000	0.032954	-0.098520	1.456885	0.339685	0.115720	-0.026292	0.000000	0.000000	0.000000	
134	1.33000	0.078782	-0.007797	1.636062	0.285569	0.106236	-0.021599	0.000000	0.000000	0.000000	
135	1.34000	0.033232	-0.053427	1.457713	0.294549	0.097237	-0.021560	0.000000	0.000000	0.000000	
136	1.35000	0.146712	0.061701	1.989514	0.358262	0.115889	-0.026413	0.000000	0.000000	0.000000	
137	1.36000	0.079239	-0.030938	1.992193	0.267236	0.133156	-0.007881	0.000000	0.000000	0.000000	
138	1.37000	0.056440	-0.030876	2.258366	0.267570	0.142180	-0.026243	0.000000	0.000000	0.000000	
139	1.38000	0.078903	-0.099010	1.901305	0.276973	0.097172	-0.049192	0.000000	0.000000	0.000000	
140	1.39000	0.032980	-0.030652	1.548227	0.285490	0.133379	-0.035351	0.000000	0.000000	0.000000	
141	1.40000	0.055429	0.061134	1.457983	0.321979	0.106535	-0.035342	0.000000	0.000000	0.000000	
142	1.41000	-0.012348	0.083407	1.990218	0.277440	0.087940	-0.053528	0.000000	0.000000	0.000000	
143	1.42000	0.124006	-0.052458	1.454172	0.349431	0.043531	-0.035479	0.000000	0.000000	0.000000	
144	1.43000	-0.011717	-0.054003	1.724161	0.258439	0.087771	-0.012263	0.000000	0.000000	0.000000	
145	1.44000	0.055801	-0.052657	1.899240	0.340494	0.088579	-0.049239	0.000000	0.000000	0.000000	
146	1.45000	0.056276	-0.030872	1.992967	0.276158	0.160357	-0.012494	0.000000	0.000000	0.000000	
147	1.46000	0.101895	0.038669	2.519296	0.340961	0.061331	-0.035486	0.000000	0.000000	0.000000	
148	1.47000	-0.012235	-0.007482	2.078207	0.322185	0.115412	-0.035366	0.000000	0.000000	0.000000	
149	1.48000	0.056300	-0.007921	1.989891	0.268114	0.078904	-0.039885	0.000000	0.000000	0.000000	
150	1.49000	0.079484	-0.007903	2.524011	0.285601	0.142257	-0.007959	0.000000	0.000000	0.000000	
151	1.50000	0.033528	0.106067	1.901067	0.268183	0.060717	-0.025975	0.000000	0.000000	0.000000	
152	1.51000	0.056094	-0.007486	1.900715	0.313017	0.097339	-0.026221	0.000000	0.000000	0.000000	
153	1.52000	0.079053	-0.098464	1.720740	0.340033	0.061406	-0.012535	0.000000	0.000000	0.000000	
154	1.53000	0.033241	-0.007932	1.547636	0.285409	0.115224	-0.016953	0.000000	0.000000	0.000000	
155	1.54000	0.078843	0.083651	1.901078	0.295161	0.079101	-0.026128	0.000000	0.000000	0.000000	
156	1.55000	0.101107	0.060707	1.637886	0.276645	0.133373	-0.039957	0.000000	0.000000	0.000000	
157	1.56000	0.033437	-0.098952	1.900623	0.294976	0.097228	-0.039988	0.000000	0.000000	0.000000	
158	1.57000	0.078896	-0.007903	1.724967	0.276564	0.106150	-0.021589	0.000000	0.000000	0.000000	
159	1.58000	0.056436	-0.076264	1.632949	0.285957	0.042877	-0.021531	0.000000	0.000000	0.000000	
160	1.59000	-0.012351	-0.053504	1.457907	0.294561	0.106235	-0.026101	0.000000	0.000000	0.000000	
161	1.60000	0.237647	-0.075247	1.457414	0.339703	0.106947	-0.026536	0.000000	0.000000	0.000000	
162	1.61000	-0.057714	-0.007453	1.988894	0.340078	0.115470	-0.021565	0.000000	0.000000	0.000000	
163	1.62000	0.078979	-0.030784	1.636221	0.276360	0.106147	-0.012419	0.000000	0.000000	0.000000	
164	1.63000	0.033285	0.060482	1.902298	0.268034	0.096966	-0.039824	0.000000	0.000000	0.000000	
165	1.64000	0.033358	-0.030090	2.166252	0.331306	0.106490	-0.035456	0.000000	0.000000	0.000000	
166	1.65000	0.123755	0.038369	1.637311	0.321556	0.151833	-0.026347	0.000000	0.000000	0.000000	
167	1.66000	0.078250	-0.029956	1.368795	0.339713	0.115777	-0.026297	0.000000	0.000000	0.000000	
168	1.67000	0.124294	0.129659	1.989370	0.322295	0.079327	-0.017038	0.000000	0.000000	0.000000	
169	1.68000	-0.034411	-0.098865	2.075377	0.322288	0.061073	-0.021559	0.000000	0.000000	0.000000	
170	1.69000	0.055615	0.061270	1.545747	0.340019	0.097578	-0.021604	0.000000	0.000000	0.000000	
171	1.70000	0.079279	-0.030721	2.167143	0.268109	0.078902	-0.035358	0.000000	0.000000	0.000000	
172	1.71000	-0.012291	-0.052932	2.167202	0.340076	0.142704	-0.035478	0.000000	0.000000	0.000000	
173	1.72000	0.055872	-0.052804	1.633369	0.340039	0.088561	-0.026269	0.000000	0.000000	0.000000	
174	1.73000	0.124434	-0.052923	2.077984	0.313148	0.097444	-0.035538	0.000000	0.000000	0.000000	
175	1.74000	-0.080516	-0.099567	1.458547	0.267417	0.115013	-0.035181	0.000000	0.000000	0.000000	
176	1.75000	-0.011586	-0.008164	1.989437	0.276764	0.078796	-0.007687	0.000000	0.000000	0.000000	
177	1.76000	-0.080322	-0.030347	1.988313	0.340061	0.106383	-0.016949	0.000000	0.000000	0.000000	
178	1.77000	-0.012273	-0.052905	1.988407	0.340249	0.106533	-0.035413	0.000000	0.000000	0.000000	
179	1.78000	-0.012094	-0.077071	1.281974	0.231118	0.096719	-0.025967	0.000000	0.000000	0.000000	
180	1.79000	0.101445	-0.029829	1.988589	0.340303	0.097634	-0.035536	0.000000	0.000000	0.000000	
181	1.80000	0.056216	0.037837	1.990401	0.285966	0.097097	-0.026145	0.000000	0.000000	0.000000	
182	1.81000	0.146982	0.037774	1.637482	0.267429	0.115223	-0.021635	0.000000	0.000000	0.000000	
183	1.82000	0.055808	0.037605	1.458942	0.258763	0.087953	-0.039801	0.000000	0.000000	0.000000	
184	1.83000	0.123407	-0.052578	1.280919	0.339726	0.134008	-0.044747	0.000000	0.000000	0.000000	
185	1.84000	0.101650	0.060728	1.902070	0.285869	0.097155	-0.021592	0.000000	0.000000	0.000000	
186	1.85000	0.124179	-0.029793	2.078073	0.340208	0.115751	-0.035599	0.000000	0.000000	0.000000	
187	1.86000	0.079519	-0.121947	2.076998	0.277001	0.060891	-0.026229	0.000000	0.000000	0.000000	
188	1.87000	-0.034551	-0.007967	2.167595	0.294832	0.115103	-0.016935	0.000000	0.000000	0.000000	
189	1.88000	0.055836	-0.030939	1.015537	0.267041	0.097093	-0.012304	0.000000	0.000000	0.000000	
190	1.89000	0.078921	-0.122071	1.635419	0.258692	0.088016	-0.044549	0.000000	0.000000	0.000000	
191	1.90000	-0.080393	-0.076783	1.369818	0.276146	0.115032	-0.012228	0.000000	0.000000	0.000000	
192	1.91000	0.033604	-0.098829	2.075982	0.295597	0.051988	-0.053710	0.000000	0.000000	0.000000	
193	1.92000	0.146672	-0.006875	1.723479	0.348966	0.115880	-0.026420	0.000000	0.000000	0.000000	
194	1.93000	-0.012152	-0.099303	1.635445	0.276610	0.106102	-0.035292	0.000000	0.000000	0.000000	
195	1.94000	0.078442	-0.007027	1.454893	0.340390	0.052432	-0.035381	0.000000	0.000000	0.000000	
196	1.95000	-0.012815	0.084126	1.722454	0.340613	0.088472	-0.049036	0.000000	0.000000	0.000000	
197	1.96000	0.079205	-0.030821	1.634205	0.267773	0.051789	-0.016917	0.000000	0.000000	0.000000	
198	1.97000	-0.080092	-0.031369	1.902676	0.249523	0.114755	-0.025959	0.000000	0.000000	0.000000	
199	1.98000	0.078858	-0.052844	1.454702	0.339956	0.052373	-0.007878	0.000000	0.000000	0.000000	
200	1.99000	-0.012206	-0.053730	1.635573	0.267748	0.096979	-0.039820	0.000000	0.000000	0.000000	
201	2.00000	-0.033668	-0.076769	2.520323	0.268051	0.060530	-0.007711	0.000000	0.000000	0.000000	
202	2.01000	0.124422	-0.098869	1.902514	0.294485	0.133517	-0.026390	0.000000	0.000000	0.000000	
203	2.02000	0.033659	0.060525	2.077309	0.268537	0.042639	-0.039766	0.000000	0.000000	0.000000	
204	2.03000	-0.012464	-0.008012	1.725192	0.267910	0.115087	-0.053588	0.000000	0.000000	0.000000	
205	2.04000	0.078335	-0.052851	1.723188	0.313342	0.097510	-0.062981	0.000000	0.000000	0.000000	
206	2.05000	0.056101	-0.076411	1.725628	0.276337	0.133300	-0.026233	0.000000	0.000000	0.000000	
207	2.06000	-0.011958	-0.098652	1.898799	0.340026	0.088413	-0.017056	0.000000	0.000000	0.000000	
208	2.07000	0.124616	-0.007694	2.079438	0.285795	0.106228	-0.021699	0.000000	0.000000	0.000000	
209	2.08000	-0.012638	-0.052808	1.633058	0.340375	0.088526	-0.049125	0.000000	0.000000	0.000000	
210	2.09000	0.056075	0.037901	1.901362	0.286108	0.088085	-0.035303	0.000000	0.000000	0.000000	
211	2.10000	0.033718	-0.099034	1.721490	0.294970	0.051959	-0.021554	0.000000	0.000000	0.000000	
212	2.11000	0.102245	-0.030591	2.433798	0.285906	0.106135	-0.017127	0.000000	0.000000	0.000000	
213	2.12000	0.056045	-0.030679	1.368803	0.285542	0.079092	-0.016935	0.000000	0.000000	0.000000	
214	2.13000	0.124174	-0.007676	1.636604	0.285546	0.115361	-0.026261	0.000000	0.000000	0.000000	
215	2.14000	0.123820	-0.052704	1.634476	0.322206	0.097634	-0.053873	0.000000	0.000000	0.000000	
216	2.15000	0.146741	0.038607	1.991441	0.339789	0.151939	-0.021854	0.000000	0.000000	0.000000	
217	2.16000	0.101454	-0.030577	1.546860	0.276746	0.088154	-0.035363	0.000000	0.000000	0.000000	
218	2.17000	0.147565	-0.030389	2.611068	0.277430	0.097133	-0.049298	0.000000	0.000000	0.000000	
219	2.18000	0.055929	-0.053140	1.634920	0.312740	0.106445	-0.026242	0.000000	0.000000	0.000000	
220	2.19000	0.101319	-0.075476	1.722416	0.340094	0.097690	-0.035544	0.000000	0.000000	0.000000	
221	2.20000	0.056688	-0.099260	2.078570	0.276647	0.097028	-0.017053	0.000000	0.000000	0.000000	
222	2.21000	0.078791	-0.008073	1.725332	0.249777	0.096946	-0.044471	0.000000	0.000000	0.000000	
223	2.22000	0.078769	0.037848	1.724954	0.285681	0.106208	-0.021574	0.000000	0.000000	0.000000	
224	2.23000	0.055372	0.083686	1.459261	0.294903	0.115387	-0.044464	0.000000	0.000000	0.000000	
225	2.24000	0.055632	-0.030147	1.457101	0.321920	0.097513	-0.035394	0.000000	0.000000	0.000000	
226	2.25000	-0.080308	-0.076605	1.902501	0.285475	0.142204	-0.026097	0.000000	0.000000	0.000000	
227	2.26000	0.033726	-0.213180	1.722753	0.294474	0.097242	-0.021696	0.000000	0.000000	0.000000	
228	2.27000	0.101117	-0.007216	1.725348	0.330605	0.151872	-0.026374	0.000000	0.000000	0.000000	
229	2.28000	0.032790	-0.007104	1.366447	0.340353	0.061445	-0.039914	0.000000	0.000000	0.000000	
230	2.29000	0.079133	-0.030495	1.989477	0.294922	0.088159	-0.021639	0.000000	0.000000	0.000000	
231	2.30000	0.147438	-0.098527	2.077595	0.321883	0.097512	-0.017261	0.000000	0.000000	0.000000	
232	2.31000	0.101442	-0.052851	1.989739	0.322089	0.115609	-0.040131	0.000000	0.000000	0.000000	
233	2.32000	-0.011674	-0.030697	2.255430	0.295037	0.097040	-0.021554	0.000000	0.000000	0.000000	
234	2.33000	0.033163	-0.030823	1.636629	0.267626	0.115134	-0.039889	0.000000	0.000000	0.000000	
235	2.34000	0.101361	-0.030118	1.723974	0.321790	0.115609	-0.026324	0.000000	0.000000	0.000000	
236	2.35000	-0.011869	-0.076344	1.900616	0.294779	0.097110	-0.021555	0.000000	0.000000	0.000000	
237	2.36000	-0.012845	-0.007524	1.279930	0.312950	0.097392	-0.044432	0.000000	0.000000	0.000000	
238	2.37000	0.101811	-0.053389	1.900918	0.276977	0.079054	-0.035398	0.000000	0.000000	0.000000	
239	2.38000	0.033679	-0.052782	2.430648	0.340678	0.079377	-0.035476	0.000000	0.000000	0.000000	
240	2.39000	0.101343	-0.052764	2.078349	0.322323	0.115632	-0.053907	0.000000	0.000000	0.000000	
241	2.40000	-0.012096	-0.052979	1.899040	0.340151	0.088412	-0.021613	0.000000	0.000000	0.000000	
242	2.41000	-0.011981	-0.053764	1.901883	0.267765	0.105974	-0.035266	0.000000	0.000000	0.000000	
243	2.42000	0.056531	-0.076397	1.900648	0.276778	0.078962	-0.021586	0.000000	0.000000	0.000000	
244	2.43000	0.078418	-0.076232	1.637780	0.276453	0.151506	-0.049226	0.000000	0.000000	0.000000	
245	2.44000	0.146678	0.061012	1.636405	0.294877	0.106418	-0.035426	0.000000	0.000000	0.000000	
246	2.45000	0.078807	-0.099070	1.635404	0.276703	0.097190	-0.039990	0.000000	0.000000	0.000000	
247	2.46000	0.146988	-0.052830	2.078807	0.313127	0.115599	-0.044771	0.000000	0.000000	0.000000	
248	2.47000	-0.034940	-0.053588	1.635490	0.294538	0.115213	-0.021509	0.000000	0.000000	0.000000	
249	2.48000	0.056325	-0.121816	1.544549	0.294764	0.061076	-0.021597	0.000000	0.000000	0.000000	
250	2.49000	0.055799	-0.076019	1.547677	0.312328	0.142652	-0.021710	0.000000	0.000000	0.000000	
251	2.50000	0.146729	0.061469	1.723375	0.340080	0.097676	-0.021741	0.000000	0.000000	0.000000	
252	2.51000	0.056159	0.037801	1.901248	0.277122	0.078964	-0.035273	0.000000	0.000000	0.000000	
253	2.52000	0.078492	-0.006842	1.897656	0.341071	0.043385	-0.062944	0.000000	0.000000	0.000000	
254	2.53000	0.033922	0.060501	2.611566	0.277226	0.105938	-0.026149	0.000000	0.000000	0.000000	
255	2.54000	0.033365	-0.099293	1.458368	0.276309	0.106156	-0.021569	0.000000	0.000000	0.000000	
256	2.55000	0.033529	-0.031117	1.725451	0.249449	0.105891	-0.026082	0.000000	0.000000	0.000000	
257	2.56000	0.078451	-0.007496	1.545961	0.295149	0.079245	-0.049107	0.000000	0.000000	0.000000	
258	2.57000	-0.012732	0.084139	1.722598	0.349415	0.097557	-0.035298	0.000000	0.000000	0.000000	
259	2.58000	-0.012226	-0.008229	1.636478	0.258627	0.105931	-0.035193	0.000000	0.000000	0.000000	
260	2.59000	0.055971	0.060691	2.079759	0.277233	0.106114	-0.049078	0.000000	0.000000	0.000000	
261	2.60000	0.079189	0.037866	2.166499	0.277394	0.060854	-0.035303	0.000000	0.000000	0.000000	
262	2.61000	-0.011636	-0.099452	1.990436	0.276428	0.115034	-0.012390	0.000000	0.000000	0.000000	
263	2.62000	0.078643	0.061094	1.900781	0.313294	0.088325	-0.035369	0.000000	0.000000	0.000000	
264	2.63000	0.055844	-0.007430	1.723413	0.313043	0.097392	-0.035384	0.000000	0.000000	0.000000	
265	2.64000	0.033033	-0.029549	1.987270	0.376548	0.097826	-0.035515	0.000000	0.000000	0.000000	
266	2.65000	0.033690	0.084046	2.698491	0.340625	0.106406	-0.021673	0.000000	0.000000	0.000000	
267	2.66000	-0.011860	-0.007648	2.077890	0.321882	0.106290	-0.007819	0.000000	0.000000	0.000000	
268	2.67000	0.055735	0.060660	1.370566	0.294391	0.115323	-0.012348	0.000000	0.000000	0.000000	
269	2.68000	0.078283	0.061449	1.633677	0.340441	0.079545	-0.039975	0.000000	0.000000	0.000000	
270	2.69000	-0.057784	-0.030720	1.723761	0.294880	0.106147	-0.035226	0.000000	0.000000	0.000000	
271	2.70000	-0.012094	-0.099270	1.456272	0.276851	0.060881	-0.035215	0.000000	0.000000	0.000000	
272	2.71000	0.033627	-0.030816	1.901570	0.276715	0.097016	-0.021548	0.000000	0.000000	0.000000	
273	2.72000	0.056921	-0.076369	2.521500	0.277113	0.087925	-0.026243	0.000000	0.000000	0.000000	
274	2.73000	0.124105	-0.007109	1.902094	0.339692	0.142873	-0.017247	0.000000	0.000000	0.000000	
275	2.74000	0.078284	-0.120827	1.543469	0.358433	0.079793	-0.053898	0.000000	0.000000	0.000000	
276	2.75000	0.101882	-0.098737	2.256849	0.312668	0.142610	-0.021849	0.000000	0.000000	0.000000	
277	2.76000	-0.012113	-0.030228	1.898141	0.322591	0.052111	-0.039870	0.000000	0.000000	0.000000	
278	2.77000	0.101575	-0.052752	1.989250	0.339951	0.115704	-0.021809	0.000000	0.000000	0.000000	
279	2.78000	0.101954	-0.076282	1.990209	0.276735	0.097122	-0.026268	0.000000	0.000000	0.000000	
280	2.79000	0.055449	-0.007065	1.634716	0.340146	0.115744	-0.044631	0.000000	0.000000	0.000000	
281	2.80000	0.078795	-0.098535	1.632578	0.322184	0.061338	-0.035439	0.000000	0.000000	0.000000	
282	2.81000	-0.057843	-0.076122	1.723871	0.321654	0.133501	-0.026169	0.000000	0.000000	0.000000	
283	2.82000	0.101492	-0.007463	2.079026	0.295229	0.106341	-0.049221	0.000000	0.000000	0.000000	
284	2.83000	-0.012414	-0.075835	1.367081	0.339765	0.088491	-0.016993	0.000000	0.000000	0.000000	
285	2.84000	0.033113	-0.098606	1.455113	0.322167	0.061315	-0.039952	0.000000	0.000000	0.000000	
286	2.85000	0.055950	-0.007374	1.722791	0.322042	0.088390	-0.026210	0.000000	0.000000	0.000000	
287	2.86000	0.033406	-0.076440	1.635765	0.276500	0.106134	-0.026158	0.000000	0.000000	0.000000	
288	2.87000	0.078166	0.038517	1.368795	0.339875	0.106707	-0.026236	0.000000	0.000000	0.000000	
289	2.88000	0.056335	-0.052760	2.520889	0.340447	0.115593	-0.035563	0.000000	0.000000	0.000000	
290	2.89000	0.056292	-0.030780	1.902414	0.276571	0.115147	-0.021603	0.000000	0.000000	0.000000	
291	2.90000	0.033296	-0.098533	1.722059	0.339904	0.097566	-0.021702	0.000000	0.000000	0.000000	
292	2.91000	0.078715	-0.030156	2.078673	0.313186	0.115497	-0.044665	0.000000	0.000000	0.000000	
293	2.92000	-0.011934	-0.007649	1.988348	0.313167	0.079119	-0.021524	0.000000	0.000000	0.000000	
294	2.93000	0.078830	-0.030168	1.722383	0.322007	0.079366	-0.021655	0.000000	0.000000	0.000000	
295	2.94000	0.055837	-0.007202	1.723028	0.339954	0.106620	-0.021680	0.000000	0.000000	0.000000	
296	2.95000	0.078563	0.060998	1.635268	0.312895	0.097381	-0.021590	0.000000	0.000000	0.000000	
297	2.96000	-0.035109	-0.030868	1.368679	0.276770	0.078943	-0.035153	0.000000	0.000000	0.000000	
298	2.97000	0.033796	-0.030644	1.988945	0.294885	0.079022	-0.012388	0.000000	0.000000	0.000000	
299	2.98000	0.032775	0.037894	1.103266	0.294610	0.088228	-0.026041	0.000000	0.000000	0.000000	
300	2.99000	-0.057468	-0.030903	2.079743	0.285694	0.133144	-0.026099	0.000000	0.000000	0.000000	
301	3.00000	0.079026	-0.076115	1.544509	0.294886	0.052044	-0.021583	0.000000	0.000000	0.000000	
302	3.01000	0.101885	-0.053585	1.723932	0.267640	0.078975	-0.021597	0.000000	0.000000	0.000000	
303	3.02000	0.124149	-0.029869	1.722785	0.339963	0.097672	-0.021775	0.000000	0.000000	0.000000	
304	3.03000	-0.012289	-0.007666	1.634543	0.312837	0.097275	-0.021517	0.000000	0.000000	0.000000	
305	3.04000	0.078540	-0.052801	1.900224	0.322370	0.097529	-0.053836	0.000000	0.000000	0.000000	
306	3.05000	-0.012420	-0.052727	1.898725	0.349514	0.088544	-0.044576	0.000000	0.000000	0.000000	
307	3.06000	0.056075	-0.030296	1.722551	0.313024	0.079275	-0.026197	0.000000	0.000000	0.000000	
308	3.07000	-0.057392	-0.053735	1.901211	0.285707	0.106018	-0.021473	0.000000	0.000000	0.000000	
309	3.08000	0.078895	-0.075760	1.898870	0.313431	0.061241	-0.044607	0.000000	0.000000	0.000000	
310	3.09000	0.147019	0.060917	1.635311	0.294833	0.079221	-0.017033	0.000000	0.000000	0.000000	
311	3.10000	-0.035101	-0.053422	1.634304	0.295050	0.088125	-0.044419	0.000000	0.000000	0.000000	
312	3.11000	0.124264	-0.007584	1.635593	0.294674	0.097321	-0.021664	0.000000	0.000000	0.000000	
313	3.12000	0.056223	-0.053675	1.724883	0.267517	0.106073	-0.026163	0.000000	0.000000	0.000000	
314	3.13000	0.033222	-0.053534	1.992304	0.276635	0.151367	-0.044592	0.000000	0.000000	0.000000	
315	3.14000	0.055766	-0.075641	1.545359	0.339823	0.106681	-0.026302	0.000000	0.000000	0.000000	
316	3.15000	0.101200	-0.007075	1.634551	0.339949	0.106709	-0.026322	0.000000	0.000000	0.000000	
317	3.16000	0.032918	-0.098772	1.279620	0.312682	0.097458	-0.035378	0.000000	0.000000	0.000000	
318	3.17000	0.033206	0.084040	2.078007	0.340284	0.106505	-0.021617	0.000000	0.000000	0.000000	
319	3.18000	0.055787	-0.007483	1.457134	0.312841	0.088360	-0.026169	0.000000	0.000000	0.000000	
320	3.19000	-0.103096	0.083400	1.989271	0.313132	0.097053	-0.016775	0.000000	0.000000	0.000000	
321	3.20000	-0.012480	-0.052908	1.722486	0.340103	0.106575	-0.035389	0.000000	0.000000	0.000000	
322	3.21000	0.056181	-0.030350	1.989996	0.312838	0.115419	-0.021680	0.000000	0.000000	0.000000	
323	3.22000	0.055940	-0.007954	1.458058	0.267760	0.078976	-0.035249	0.000000	0.000000	0.000000	
324	3.23000	0.078164	-0.030403	1.460232	0.294465	0.151651	-0.044624	0.000000	0.000000	0.000000	
325	3.24000	0.078715	-0.053439	1.725053	0.276680	0.115262	-0.039990	0.000000	0.000000	0.000000	
326	3.25000	0.056071	-0.030406	1.989718	0.295173	0.097237	-0.044567	0.000000	0.000000	0.000000	
327	3.26000	0.078646	-0.098436	1.544952	0.339789	0.097657	-0.021747	0.000000	0.000000	0.000000	
328	3.27000	0.101277	-0.007143	1.367525	0.339820	0.079566	-0.012494	0.000000	0.000000	0.000000	
329	3.28000	0.055945	-0.030264	1.901325	0.312974	0.115470	-0.035440	0.000000	0.000000	0.000000	
330	3.29000	-0.057407	-0.030547	2.077057	0.313196	0.088111	-0.026089	0.000000	0.000000	0.000000	
331	3.30000	-0.034081	-0.099520	2.255002	0.267923	0.078714	-0.021495	0.000000	0.000000	0.000000	
332	3.31000	-0.012457	0.060602	1.636196	0.294749	0.115223	-0.026048	0.000000	0.000000	0.000000	
333	3.32000	-0.057902	-0.053525	1.367938	0.294857	0.079061	-0.035174	0.000000	0.000000	0.000000	
334	3.33000	0.032937	0.060804	1.903008	0.294989	0.133391	-0.044514	0.000000	0.000000	0.000000	
335	3.34000	-0.057917	-0.053228	1.723220	0.321945	0.115419	-0.035307	0.000000	0.000000	0.000000	
336	3.35000	0.056203	0.106377	2.168184	0.295083	0.106157	-0.021553	0.000000	0.000000	0.000000	
337	3.36000	0.033693	-0.053643	1.989562	0.267998	0.078874	-0.035298	0.000000	0.000000	0.000000	
338	3.37000	0.123710	0.060885	1.638076	0.285684	0.142538	-0.044606	0.000000	0.000000	0.000000	
339	3.38000	0.101539	-0.098613	1.723606	0.321633	0.115617	-0.021783	0.000000	0.000000	0.000000	
340	3.39000	0.078718	0.037877	1.725845	0.294410	0.133405	-0.012450	0.000000	0.000000	0.000000	
341	3.40000	0.055593	0.106723	1.634636	0.313350	0.079285	-0.039860	0.000000	0.000000	0.000000	
342	3.41000	0.124063	-0.007246	1.724186	0.321812	0.115633	-0.026338	0.000000	0.000000	0.000000	
343	3.42000	0.124240	-0.098588	1.546043	0.321532	0.106615	-0.017196	0.000000	0.000000	0.000000	
344	3.43000	0.101425	0.060975	2.079414	0.295262	0.106309	-0.044584	0.000000	0.000000	0.000000	
345	3.44000	0.079059	-0.075602	2.076543	0.340180	0.088516	-0.021766	0.000000	0.000000	0.000000	
346	3.45000	0.056797	-0.030294	2.697975	0.313492	0.088170	-0.026296	0.000000	0.000000	0.000000	
347	3.46000	0.101042	-0.006992	1.367997	0.348863	0.097762	-0.021714	0.000000	0.000000	0.000000	
348	3.47000	0.033015	-0.007056	1.899027	0.340634	0.079484	-0.049164	0.000000	0.000000	0.000000	
349	3.48000	0.123763	-0.052561	1.634724	0.340056	0.115853	-0.044754	0.000000	0.000000	0.000000	
350	3.49000	0.055648	-0.007272	1.723507	0.322154	0.106537	-0.044592	0.000000	0.000000	0.000000	
351	3.50000	-0.012633	-0.098707	1.724246	0.321846	0.142681	-0.049204	0.000000	0.000000	0.000000	
352	3.51000	0.055943	-0.007824	1.636344	0.285573	0.115266	-0.026170	0.000000	0.000000	0.000000	
353	3.52000	-0.012272	-0.030497	1.989437	0.295323	0.097167	-0.053655	0.000000	0.000000	0.000000	
354	3.53000	0.078852	-0.075522	2.076891	0.340298	0.097602	-0.035546	0.000000	0.000000	0.000000	
355	3.54000	0.056291	-0.052865	2.076970	0.340092	0.097516	-0.017143	0.000000	0.000000	0.000000	
356	3.55000	-0.012542	-0.030066	1.544195	0.340240	0.079448	-0.035321	0.000000	0.000000	0.000000	
357	3.56000	0.056701	-0.053638	2.078454	0.276716	0.087952	-0.012420	0.000000	0.000000	0.000000	
358	3.57000	0.033821	-0.052846	2.519688	0.340535	0.088388	-0.026318	0.000000	0.000000	0.000000	
359	3.58000	-0.012175	0.060408	1.725132	0.285558	0.115101	-0.012271	0.000000	0.000000	0.000000	
360	3.59000	-0.012219	-0.121373	1.899389	0.340106	0.106568	-0.035453	0.000000	0.000000	0.000000	
361	3.60000	0.033617	-0.121208	2.163582	0.340634	0.061352	-0.040065	0.000000	0.000000	0.000000	
362	3.61000	0.055671	0.060934	1.547297	0.312720	0.115463	-0.021577	0.000000	0.000000	0.000000	
363	3.62000	-0.034904	-0.053708	1.725152	0.285397	0.133227	-0.021524	0.000000	0.000000	0.000000	
364	3.63000	-0.034897	-0.031058	1.637300	0.276135	0.142188	-0.012317	0.000000	0.000000	0.000000	
365	3.64000	-0.035362	-0.007173	1.454573	0.349422	0.061396	-0.035260	0.000000	0.000000	0.000000	
366	3.65000	0.033294	0.060980	1.900761	0.322052	0.097335	-0.016982	0.000000	0.000000	0.000000	
367	3.66000	0.078812	-0.053285	1.545760	0.294777	0.079198	-0.026193	0.000000	0.000000	0.000000	
368	3.67000	0.101578	-0.007711	1.724401	0.285739	0.097216	-0.026214	0.000000	0.000000	0.000000	
369	3.68000	0.101661	-0.030379	2.079309	0.294945	0.115361	-0.035482	0.000000	0.000000	0.000000	
370	3.69000	0.055922	-0.076178	1.458042	0.294502	0.106337	-0.026207	0.000000	0.000000	0.000000	
371	3.70000	0.032967	-0.029905	1.989055	0.340380	0.115675	-0.049237	0.000000	0.000000	0.000000	
372	3.71000	0.101748	-0.099114	1.724540	0.276490	0.106221	-0.026273	0.000000	0.000000	0.000000	
373	3.72000	-0.011341	-0.053506	2.253044	0.295350	0.042736	-0.016907	0.000000	0.000000	0.000000	
374	3.73000	0.101642	-0.007028	2.166529	0.349105	0.115722	-0.017221	0.000000	0.000000	0.000000	
375	3.74000	0.146843	-0.029905	1.723504	0.330894	0.106694	-0.026389	0.000000	0.000000	0.000000	
376	3.75000	0.078575	-0.098306	1.633696	0.348886	0.106777	-0.026374	0.000000	0.000000	0.000000	
377	3.76000	0.101856	-0.007725	1.901836	0.294576	0.106260	-0.007902	0.000000	0.000000	0.000000	
378	3.77000	0.078763	-0.029911	1.721087	0.340313	0.061422	-0.026255	0.000000	0.000000	0.000000	
379	3.78000	0.055928	-0.076099	1.456886	0.294829	0.079212	-0.035349	0.000000	0.000000	0.000000	
380	3.79000	-0.012003	-0.030348	2.077345	0.322165	0.097295	-0.026179	0.000000	0.000000	0.000000	
381	3.80000	0.055936	-0.053385	1.458178	0.294472	0.106318	-0.021602	0.000000	0.000000	0.000000	
382	3.81000	0.033200	0.084154	2.077365	0.349406	0.097527	-0.021623	0.000000	0.000000	0.000000	
383	3.82000	0.101122	0.107069	1.544649	0.340396	0.061441	-0.026173	0.000000	0.000000	0.000000	
384	3.83000	0.101718	-0.007627	2.167952	0.286100	0.106231	-0.040033	0.000000	0.000000	0.000000	
385	3.84000	0.078787	-0.076284	1.636819	0.285272	0.133405	-0.021684	0.000000	0.000000	0.000000	
386	3.85000	0.055916	-0.053170	1.546289	0.312630	0.106447	-0.021645	0.000000	0.000000	0.000000	
387	3.86000	0.124628	-0.053212	1.899605	0.286225	0.052008	-0.035409	0.000000	0.000000	0.000000	
388	3.87000	0.101378	0.084201	1.900230	0.340295	0.088529	-0.021668	0.000000	0.000000	0.000000	
389	3.88000	0.124557	-0.075993	1.722332	0.294960	0.061141	-0.026260	0.000000	0.000000	0.000000	
390	3.89000	0.078251	0.038000	1.638289	0.294467	0.160628	-0.035425	0.000000	0.000000	0.000000	
391	3.90000	0.101450	-0.121489	1.367659	0.312684	0.079422	-0.026290	0.000000	0.000000	0.000000	
392	3.91000	0.055215	0.061249	1.459745	0.339559	0.160952	-0.026271	0.000000	0.000000	0.000000	
393	3.92000	-0.011455	-0.053706	2.165679	0.277118	0.060719	-0.021478	0.000000	0.000000	0.000000	
394	3.93000	0.033258	0.037724	1.902674	0.276860	0.115131	-0.035292	0.000000	0.000000	0.000000	
395	3.94000	0.056155	-0.121484	1.722161	0.321884	0.088424	-0.026291	0.000000	0.000000	0.000000	
396	3.95000	0.055840	-0.076126	1.547040	0.294607	0.115396	-0.035406	0.000000	0.000000	0.000000	
397	3.96000	0.124830	-0.030896	1.990585	0.249762	0.078826	-0.026190	0.000000	0.000000	0.000000	
398	3.97000	0.078778	-0.053389	1.723908	0.276945	0.088125	-0.044543	0.000000	0.000000	0.000000	
399	3.98000	-0.012394	-0.030052	1.632079	0.340424	0.061334	-0.035304	0.000000	0.000000	0.000000	
400	3.99000	0.056436	-0.053869	1.725178	0.258277	0.105965	-0.012378	0.000000	0.000000	0.000000	
401	4.00000	0.079100	-0.030244	2.078101	0.321876	0.106435	-0.012545	0.000000	0.000000	0.000000	
402	4.01000	-0.012372	0.060873	1.723685	0.321905	0.106350	-0.016918	0.000000	0.000000	0.000000	
403	4.02000	-0.012201	0.037664	1.634309	0.277138	0.060812	-0.035135	0.000000	0.000000	0.000000	
404	4.03000	0.077982	-0.029733	1.368490	0.349014	0.115897	-0.044671	0.000000	0.000000	0.000000	
405	4.04000	0.124651	-0.098599	1.899859	0.321801	0.088447	-0.012613	0.000000	0.000000	0.000000	
406	4.05000	0.055948	-0.076311	1.637101	0.285275	0.142436	-0.026255	0.000000	0.000000	0.000000	
407	4.06000	-0.080007	-0.076883	2.080710	0.267273	0.151058	-0.016912	0.000000	0.000000	0.000000	
408	4.07000	-0.034698	-0.098685	2.076740	0.340059	0.106465	-0.021655	0.000000	0.000000	0.000000	
409	4.08000	0.033134	-0.075539	1.720621	0.340515	0.061421	-0.044583	0.000000	0.000000	0.000000	
410	4.09000	-0.058036	-0.053331	1.458085	0.321478	0.133524	-0.021540	0.000000	0.000000	0.000000	
411	4.10000	0.101424	-0.007109	1.900862	0.339966	0.115705	-0.021769	0.000000	0.000000	0.000000	
412	4.11000	-0.080517	0.038184	1.988292	0.340347	0.097337	-0.026067	0.000000	0.000000	0.000000	
413	4.12000	-0.034941	-0.053460	1.544549	0.295080	0.060965	-0.035195	0.000000	0.000000	0.000000	
414	4.13000	0.078989	-0.076363	1.635570	0.276488	0.097135	-0.021617	0.000000	0.000000	0.000000	
415	4.14000	0.078375	-0.052861	1.545682	0.322052	0.097561	-0.044626	0.000000	0.000000	0.000000	
416	4.15000	-0.012327	-0.053768	1.458681	0.267521	0.106044	-0.035227	0.000000	0.000000	0.000000	
417	4.16000	0.056727	-0.031334	1.724206	0.231484	0.060494	-0.012248	0.000000	0.000000	0.000000	
418	4.17000	0.033162	-0.052925	1.634059	0.339789	0.106604	-0.017085	0.000000	0.000000	0.000000	
419	4.18000	0.032986	-0.075553	1.632737	0.340331	0.079535	-0.044600	0.000000	0.000000	0.000000	
420	4.19000	0.056102	0.038426	1.721030	0.340299	0.052284	-0.012396	0.000000	0.000000	0.000000	
421	4.20000	-0.080040	-0.053613	1.898957	0.295170	0.060822	-0.025988	0.000000	0.000000	0.000000	
422	4.21000	0.100804	0.038139	1.281902	0.294724	0.115492	-0.044541	0.000000	0.000000	0.000000	
423	4.22000	-0.079969	-0.099447	2.167028	0.276929	0.105922	-0.035249	0.000000	0.000000	0.000000	
424	4.23000	-0.035011	0.060414	2.080568	0.276943	0.133113	-0.039815	0.000000	0.000000	0.000000	
425	4.24000	-0.012252	-0.075725	1.632738	0.348965	0.088520	-0.017034	0.000000	0.000000	0.000000	
426	4.25000	-0.012518	0.061116	1.723146	0.340076	0.106505	-0.021542	0.000000	0.000000	0.000000	
427	4.26000	-0.012345	-0.053425	1.456752	0.294887	0.079110	-0.035242	0.000000	0.000000	0.000000	
428	4.27000	0.123637	0.038169	1.549045	0.294659	0.142630	-0.044632	0.000000	0.000000	0.000000	
429	4.28000	0.101252	-0.075718	1.724458	0.321715	0.133746	-0.035559	0.000000	0.000000	0.000000	
430	4.29000	0.101787	-0.007516	1.988524	0.295333	0.061071	-0.035384	0.000000	0.000000	0.000000	
431	4.30000	0.079116	-0.099221	1.724474	0.276376	0.106165	-0.017064	0.000000	0.000000	0.000000	
432	4.31000	0.033849	-0.121875	1.988421	0.294882	0.079073	-0.021631	0.000000	0.000000	0.000000	
433	4.32000	-0.058022	0.060375	1.636521	0.276843	0.115053	-0.039721	0.000000	0.000000	0.000000	
434	4.33000	-0.034851	0.037596	1.902180	0.285756	0.115072	-0.021451	0.000000	0.000000	0.000000	
435	4.34000	0.078894	-0.007466	1.900812	0.312947	0.097359	-0.021662	0.000000	0.000000	0.000000	
436	4.35000	-0.034583	-0.099277	2.077784	0.277121	0.087924	-0.044455	0.000000	0.000000	0.000000	
437	4.36000	0.055295	-0.030604	1.282093	0.267793	0.115295	-0.067423	0.000000	0.000000	0.000000	
438	4.37000	0.124029	-0.030327	1.547174	0.294711	0.106428	-0.035452	0.000000	0.000000	0.000000	
439	4.38000	-0.057288	0.037348	2.079146	0.267889	0.096770	-0.021378	0.000000	0.000000	0.000000	
440	4.39000	0.078939	-0.052794	2.077425	0.340077	0.106609	-0.021774	0.000000	0.000000	0.000000	
441	4.40000	-0.035184	-0.030541	1.723050	0.295254	0.088128	-0.053589	0.000000	0.000000	0.000000	
442	4.41000	0.146959	0.106411	1.636594	0.285645	0.097223	-0.012418	0.000000	0.000000	0.000000	
