NO_OF_FRAMES	143
NO_OF_CAMERAS	14
NO_OF_MARKERS	19
FREQUENCY	100
NO_OF_ANALOG	0
ANALOG_FREQUENCY	0
DESCRIPTION	--
TIME_STAMP	2019-10-11, 16:13:24	102239.45178864
DATA_INCLUDED	3D
MARKER_NAMES	1 - Head	2 - L_Shoulder	3 - L_Elbow	4 - L_Wrist	5 - R_Shoulder	6 - R_Elbow	7 - R_Wrist	8 - L_Hip	9 - L_Knee	10 - L_Ankle	11 - L_Heel	12 - L_Meta_V	13 - L_Toe_II	14 - R_Hip	15 - R_Knee	16 - R_Ankle	17 - R_Heel	18 - R_Meta_V	19 - R_Toe_II
Frame	Time	1 - Head X	1 - Head Y	1 - Head Z	2 - L_Shoulder X	2 - L_Shoulder Y	2 - L_Shoulder Z	3 - L_Elbow X	3 - L_Elbow Y	3 - L_Elbow Z	4 - L_Wrist X	4 - L_Wrist Y	4 - L_Wrist Z	5 - R_Shoulder X	5 - R_Shoulder Y	5 - R_Shoulder Z	6 - R_Elbow X	6 - R_Elbow Y	6 - R_Elbow Z	7 - R_Wrist X	7 - R_Wrist Y	7 - R_Wrist Z	8 - L_Hip X	8 - L_Hip Y	8 - L_Hip Z	9 - L_Knee X	9 - L_Knee Y	9 - L_Knee Z	10 - L_Ankle X	10 - L_Ankle Y	10 - L_Ankle Z	11 - L_Heel X	11 - L_Heel Y	11 - L_Heel Z	12 - L_Meta_V X	12 - L_Meta_V Y	12 - L_Meta_V Z	13 - L_Toe_II X	13 - L_Toe_II Y	13 - L_Toe_II Z	14 - R_Hip X	14 - R_Hip Y	14 - R_Hip Z	15 - R_Knee X	15 - R_Knee Y	15 - R_Knee Z	16 - R_Ankle X	16 - R_Ankle Y	16 - R_Ankle Z	17 - R_Heel X	17 - R_Heel Y	17 - R_Heel Z	18 - R_Meta_V X	18 - R_Meta_V Y	18 - R_Meta_V Z	19 - R_Toe_II X	19 - R_Toe_II Y	19 - R_Toe_II Z	
268	2.67000	-148.554	272.833	1686.319	-148.692	483.932	1408.808	-108.765	601.535	1066.165	-0.009	576.219	834.615	-208.664	128.840	1377.274	-230.013	43.746	1034.142	-172.728	58.085	775.058	-162.422	499.695	877.909	-236.132	441.162	476.500	-344.055	402.338	75.206	-401.516	351.923	38.493	-244.859	430.195	27.955	-142.908	360.201	32.974	-176.211	145.625	895.829	-3.963	158.731	506.465	43.077	192.666	79.869	18.400	256.323	34.219	147.382	149.660	63.335	247.689	179.231	100.953
269	2.68000	-138.393	271.167	1684.250	-138.838	482.602	1406.981	-98.649	600.179	1064.788	11.261	574.640	833.722	-198.842	127.510	1375.152	-219.969	43.257	1031.495	-162.417	58.067	772.795	-153.342	499.231	876.275	-231.019	440.845	475.921	-343.583	402.331	75.361	-401.017	351.815	38.347	-244.847	430.121	28.009	-142.842	360.240	33.378	-166.236	144.996	893.865	5.011	159.500	503.810	72.345	188.909	80.188	48.857	251.449	32.567	176.734	147.371	68.827	276.306	179.667	109.335
270	2.69000	-128.504	269.511	1682.662	-129.352	481.199	1405.317	-88.607	598.953	1063.094	21.912	572.979	833.134	-188.601	126.080	1372.696	-209.456	42.589	1028.543	-151.666	57.477	770.734	-144.604	498.499	874.541	-225.422	440.308	474.866	-343.672	402.373	75.908	-401.494	351.808	39.630	-244.902	430.239	27.990	-142.754	360.118	32.965	-155.189	144.542	891.214	13.903	160.531	501.797	99.338	185.127	81.038	77.050	246.955	31.672	206.007	145.425	75.557	302.060	180.300	119.584
271	2.70000	-118.546	267.708	1680.668	-119.705	479.720	1403.372	-78.884	597.640	1061.792	33.203	571.210	831.235	-178.280	124.603	1370.237	-198.656	42.057	1025.775	-141.155	57.374	768.069	-134.951	497.627	872.708	-219.857	439.646	473.534	-343.061	402.261	76.427	-401.163	351.868	40.105	-244.902	430.218	28.097	-142.647	359.946	33.118	-145.510	144.028	888.864	23.630	161.595	499.848	123.721	181.288	82.680	102.082	241.333	32.133	231.772	143.366	81.338	325.040	180.887	129.493
272	2.71000	-108.510	265.603	1678.456	-110.035	478.402	1401.457	-68.515	595.986	1059.322	43.259	569.142	829.912	-167.877	123.166	1367.742	-187.991	41.211	1022.831	-130.410	56.844	765.552	-126.387	496.831	871.070	-214.636	439.531	473.046	-342.558	402.284	77.032	-401.221	351.920	41.013	-244.891	430.093	28.051	-142.883	359.931	33.084	-134.296	143.185	886.545	34.126	161.571	498.182	145.357	178.124	84.063	125.091	238.103	32.266	254.492	141.033	86.801	344.813	180.457	136.493
273	2.72000	-98.262	263.782	1676.181	-100.448	476.919	1399.551	-59.179	594.417	1057.602	53.945	567.105	828.512	-157.441	121.500	1365.303	-177.141	40.219	1019.974	-119.364	56.584	762.609	-117.401	496.083	869.135	-208.698	438.896	471.799	-342.096	402.288	77.811	-401.078	352.326	42.370	-244.903	430.045	28.103	-143.087	359.659	32.528	-122.615	142.001	883.668	44.932	161.411	497.426	164.598	176.263	84.832	144.755	235.031	32.387	272.777	139.317	90.852	361.844	179.349	141.351
274	2.73000	-88.192	261.770	1674.192	-90.883	475.202	1397.702	-49.762	592.742	1055.521	64.712	564.834	826.324	-146.912	119.889	1362.773	-166.256	39.011	1017.292	-108.311	55.885	759.553	-108.551	495.718	866.957	-202.386	438.583	470.994	-341.514	402.392	78.779	-401.336	352.480	44.059	-244.854	429.899	28.048	-143.349	359.545	33.194	-112.392	140.814	881.833	56.370	161.304	496.203	180.098	175.113	86.701	160.559	233.630	30.566	289.465	139.474	93.080	377.315	178.526	144.001
275	2.74000	-78.264	259.591	1672.412	-81.265	473.741	1395.845	-40.217	590.654	1053.247	74.163	562.938	825.096	-136.303	118.006	1360.469	-154.925	37.772	1014.849	-97.436	55.188	757.331	-99.628	494.772	865.328	-195.172	437.768	470.272	-340.873	402.379	80.065	-401.013	353.024	46.149	-244.820	429.731	28.030	-143.563	358.991	32.608	-101.097	139.513	879.756	68.604	160.632	495.267	192.812	174.837	84.864	174.091	234.298	30.160	302.186	139.594	91.234	389.040	178.715	144.430
276	2.75000	-68.029	257.432	1670.274	-71.265	471.921	1393.882	-30.924	588.503	1050.895	83.728	560.572	822.910	-125.773	116.259	1358.159	-143.694	35.915	1012.880	-86.198	54.211	754.543	-89.806	493.776	863.009	-187.996	437.067	469.505	-340.295	402.794	81.323	-400.967	353.603	48.434	-244.853	429.656	28.020	-143.741	359.050	32.665	-89.165	138.109	878.059	81.595	159.868	494.394	201.430	175.878	82.285	182.966	235.377	28.579	310.427	139.544	87.577	399.136	179.127	140.835
277	2.76000	-57.901	255.061	1668.680	-61.731	470.321	1392.017	-22.387	586.435	1049.307	93.427	558.190	820.799	-115.155	114.450	1355.923	-131.932	34.663	1010.649	-74.609	52.892	752.752	-80.599	492.288	861.042	-181.068	436.596	468.408	-339.244	403.102	83.051	-400.827	354.245	51.747	-245.008	429.600	28.049	-143.295	358.906	32.837	-77.740	136.820	876.967	94.832	159.304	492.873	209.065	176.391	78.793	188.911	236.201	25.621	317.291	140.521	83.337	406.037	180.375	135.208
278	2.77000	-47.437	252.752	1666.796	-51.990	468.459	1390.401	-13.214	584.101	1047.295	102.479	555.955	819.167	-104.453	112.529	1353.855	-119.959	33.109	1008.070	-62.897	51.653	750.571	-70.686	490.594	859.428	-172.869	435.820	466.799	-338.149	403.341	85.034	-400.316	354.931	54.462	-245.711	429.237	28.037	-143.697	358.681	32.382	-65.679	135.305	875.366	107.933	158.017	491.941	213.464	177.253	74.644	192.043	236.915	21.751	321.790	141.869	77.988	412.594	181.717	126.667
279	2.78000	-37.279	250.315	1665.469	-42.510	466.804	1388.544	-4.456	581.733	1045.229	110.878	553.678	817.757	-94.002	110.718	1351.998	-108.274	31.758	1005.913	-50.526	50.704	748.121	-60.743	488.994	857.511	-164.256	434.869	466.084	-337.059	403.796	87.526	-399.892	355.476	57.611	-245.946	429.264	28.123	-143.082	358.900	32.591	-54.078	133.998	874.560	120.507	156.910	490.846	214.701	178.465	71.339	189.810	237.131	18.632	323.073	144.196	70.706	415.584	185.164	116.697
280	2.79000	-26.872	247.914	1663.807	-33.085	464.961	1387.127	4.014	579.315	1043.568	119.981	551.189	815.290	-83.435	108.683	1350.240	-96.153	30.058	1003.874	-38.866	49.557	745.971	-50.599	487.244	856.237	-155.251	434.399	466.062	-335.833	404.104	89.792	-398.995	355.518	61.675	-245.709	429.164	28.268	-143.456	358.706	32.862	-40.655	132.225	873.322	133.338	155.835	489.527	215.549	181.010	67.092	189.259	238.508	15.369	322.928	146.343	62.823	418.198	188.333	104.983
281	2.80000	-16.582	245.357	1662.597	-23.664	462.981	1385.689	12.423	576.702	1041.715	128.200	549.140	813.366	-73.031	106.579	1348.770	-84.575	27.947	1002.803	-27.008	48.092	744.389	-40.008	484.990	855.117	-145.812	433.254	464.522	-335.934	404.361	93.946	-398.135	356.130	65.912	-245.422	429.265	28.581	-143.894	358.467	33.074	-27.505	130.514	872.163	145.774	154.821	488.586	218.053	183.675	66.318	190.882	240.031	20.139	325.242	148.166	53.752	426.470	188.945	91.296
282	2.81000	-5.996	242.636	1662.044	-14.422	461.191	1384.703	20.183	573.836	1040.281	135.892	546.705	811.709	-62.234	104.490	1347.426	-72.844	25.796	1001.681	-14.804	46.078	743.488	-29.179	482.618	853.679	-135.978	431.785	464.113	-333.882	405.113	98.024	-396.778	357.430	71.132	-244.832	429.330	29.020	-143.418	358.522	33.027	-13.481	127.871	871.472	157.376	153.852	488.405	225.842	181.219	69.434	195.224	239.528	23.023	329.628	146.370	47.453	435.894	184.708	78.611
283	2.82000	4.404	240.006	1661.900	-5.540	459.523	1384.283	28.342	570.993	1038.701	143.740	544.502	809.682	-51.667	102.270	1346.734	-60.248	24.075	1000.125	-2.494	44.617	742.300	-18.471	480.545	853.071	-124.749	430.592	463.833	-331.837	405.368	102.940	-394.870	357.830	77.214	-244.349	429.094	29.591	-142.848	358.221	32.047	-0.648	125.439	871.818	170.074	152.075	490.026	235.611	178.398	67.894	199.963	236.373	25.289	337.877	146.340	43.305	442.836	182.970	69.688
284	2.83000	14.816	237.290	1662.117	3.645	457.811	1383.977	36.190	567.959	1037.842	150.372	542.474	808.818	-40.760	100.289	1346.396	-47.708	22.145	999.210	9.906	42.946	741.228	-6.932	478.184	852.433	-114.133	429.777	464.370	-328.624	405.097	107.061	-392.362	357.776	83.822	-243.855	428.720	30.691	-143.191	358.045	31.775	12.825	123.310	873.150	182.346	149.683	491.315	241.631	176.071	65.437	202.583	234.254	29.614	348.069	147.643	38.309	450.371	188.595	63.813
285	2.84000	25.323	234.605	1662.476	12.973	456.057	1384.025	43.603	564.880	1037.610	157.399	540.420	807.943	-30.008	98.298	1346.377	-35.366	20.197	1000.033	22.123	40.987	741.934	5.281	476.054	851.974	-101.059	428.575	463.867	-323.094	405.532	110.871	-389.598	357.622	91.252	-243.274	428.713	32.139	-143.263	357.768	32.023	25.349	121.228	875.532	193.869	147.856	492.208	246.384	174.138	66.768	203.330	231.624	31.903	353.733	147.281	33.791	456.330	195.554	52.842
286	2.85000	35.781	232.110	1663.072	22.061	454.332	1384.594	50.853	561.611	1037.555	163.772	538.018	806.920	-19.274	96.132	1346.853	-22.570	18.521	999.724	34.896	39.454	741.696	18.001	473.462	851.873	-86.968	427.494	463.062	-319.830	407.029	115.704	-385.700	357.726	99.861	-242.680	428.670	33.319	-142.462	357.649	32.087	37.618	118.903	877.370	206.521	145.892	492.739	249.092	173.520	66.200	203.446	230.571	32.778	353.041	144.557	31.038	460.151	200.689	40.987
287	2.86000	46.104	229.469	1663.668	31.224	452.454	1385.540	58.090	558.566	1037.608	169.703	535.756	806.399	-8.359	94.067	1347.454	-9.977	16.312	1000.897	47.349	37.267	742.834	30.497	470.707	851.708	-72.561	426.532	464.158	-313.859	405.910	123.508	-380.619	357.511	109.142	-241.624	428.674	34.881	-142.435	357.357	31.858	50.423	116.682	878.511	219.352	143.809	492.364	249.757	174.233	65.255	204.460	230.647	32.714	353.324	143.971	30.828	460.737	201.195	31.911
288	2.87000	56.186	226.960	1664.883	40.325	450.637	1386.583	65.311	555.485	1038.115	175.249	533.468	805.779	2.510	92.024	1348.360	2.639	14.458	1002.115	60.080	35.313	743.554	43.257	468.076	851.514	-56.708	425.658	462.975	-307.303	406.301	130.308	-374.272	357.711	119.341	-239.993	428.729	36.726	-142.240	357.279	31.716	62.575	114.233	880.274	231.177	142.804	492.626	249.082	174.676	66.724	205.527	230.639	32.122	353.279	143.531	30.489	461.427	197.735	30.058
289	2.88000	66.945	224.338	1666.320	49.732	448.906	1387.980	71.982	552.335	1038.863	180.621	531.359	805.705	13.424	89.994	1349.617	15.099	12.125	1002.900	73.217	33.342	745.003	55.980	465.625	851.776	-38.844	424.835	463.523	-299.405	407.330	137.152	-366.662	357.905	130.610	-237.069	428.238	39.038	-142.469	356.741	31.794	74.304	111.915	881.892	242.331	142.200	493.542	250.382	174.400	67.170	204.866	230.456	32.833	353.387	143.043	30.060	460.362	199.083	31.964
290	2.89000	77.421	221.835	1667.940	59.040	447.117	1389.610	79.030	549.371	1040.149	186.166	529.093	806.227	24.639	88.088	1351.260	27.771	10.184	1004.813	86.166	31.579	746.493	68.022	463.496	852.681	-19.819	424.234	462.984	-290.138	407.974	145.268	-356.435	357.584	142.439	-234.101	428.010	41.612	-142.857	356.885	32.143	86.385	109.802	883.672	251.923	141.811	494.537	252.139	175.074	66.711	204.746	229.991	32.852	353.375	143.685	29.790	461.227	201.383	31.488
291	2.90000	87.442	219.340	1669.785	68.442	445.353	1391.464	86.073	546.435	1041.302	191.215	527.080	806.875	35.778	86.122	1353.109	40.684	7.988	1006.345	99.515	29.485	749.247	80.347	461.140	853.873	0.327	424.753	463.492	-278.895	408.157	153.534	-344.182	356.827	154.127	-231.588	427.225	44.461	-143.079	357.346	32.324	98.618	106.955	886.010	259.970	141.259	495.158	252.078	174.401	66.109	204.878	229.552	32.869	354.338	144.202	30.331	461.570	203.157	30.856
292	2.91000	97.426	216.892	1671.793	77.885	443.593	1393.610	93.251	543.664	1042.770	196.620	524.975	807.454	47.161	84.134	1355.222	52.851	5.415	1008.973	112.956	27.317	750.793	92.699	458.394	854.865	21.632	424.989	462.955	-266.204	408.261	161.528	-329.602	355.406	166.008	-227.313	426.152	48.115	-143.719	357.651	32.394	110.352	104.669	887.616	266.895	140.461	494.738	252.412	174.865	66.533	205.660	229.444	32.032	353.749	144.552	30.130	461.484	203.315	31.000
293	2.92000	107.403	214.575	1673.674	87.361	442.040	1395.661	100.334	541.164	1044.521	201.556	523.225	808.060	58.434	82.342	1357.375	65.486	2.932	1011.513	126.233	25.163	754.289	104.020	455.880	856.072	42.161	425.638	462.356	-251.923	408.481	168.388	-313.616	353.893	177.202	-222.018	425.294	52.164	-144.089	358.310	32.064	122.321	102.107	890.062	272.982	140.026	494.578	252.133	175.010	66.529	204.366	229.710	32.969	354.364	144.729	30.281	461.578	203.319	30.982
294	2.93000	117.270	212.432	1675.681	96.855	440.248	1397.859	107.855	539.027	1046.502	207.063	521.644	809.241	69.742	80.496	1359.852	78.102	0.735	1013.920	139.646	23.163	756.946	114.309	453.836	857.784	63.000	426.035	462.619	-236.533	408.602	175.060	-296.736	352.138	190.015	-214.416	425.057	57.367	-141.334	358.927	30.356	133.663	99.875	892.761	277.472	138.814	493.760	252.135	174.905	66.628	204.130	229.309	32.776	354.324	145.106	30.683	461.680	204.349	30.830
295	2.94000	127.199	210.425	1677.418	106.150	438.606	1399.908	115.019	537.037	1048.601	212.535	520.300	810.638	81.087	78.811	1362.201	91.612	-1.542	1017.137	153.891	21.223	760.020	124.340	451.477	859.488	84.027	426.544	461.997	-221.354	408.409	182.362	-281.031	352.340	199.456	-204.495	424.958	64.219	-133.417	360.814	31.574	144.257	97.880	894.886	282.181	138.345	493.266	252.088	174.841	66.418	203.920	229.095	32.857	354.530	145.249	30.407	461.662	204.557	30.901
296	2.95000	136.864	208.534	1679.302	115.352	437.101	1401.836	122.424	535.349	1050.565	218.077	519.081	811.673	92.451	77.079	1364.655	103.496	-4.234	1019.056	167.953	19.062	763.631	133.639	448.779	860.887	104.235	426.805	461.438	-205.038	407.683	190.150	-265.611	353.555	209.291	-191.845	423.893	72.253	-120.513	363.574	35.943	155.052	95.905	896.965	284.621	136.797	493.301	251.694	174.915	66.751	204.140	229.035	32.911	354.397	145.168	30.537	461.523	204.688	30.970
297	2.96000	146.711	206.711	1680.993	124.588	435.603	1403.802	129.863	533.879	1052.479	224.061	518.165	812.739	103.903	75.516	1366.889	116.265	-6.852	1022.576	181.807	17.321	765.562	142.791	446.260	862.146	125.178	426.707	462.478	-187.657	406.710	197.897	-247.507	352.727	217.918	-175.700	423.506	80.305	-103.695	365.045	39.271	164.839	94.233	898.582	288.186	136.308	492.993	251.594	174.985	67.012	204.088	229.061	32.972	354.337	145.346	30.290	461.783	204.886	30.969
298	2.97000	156.505	205.067	1682.580	133.742	434.142	1405.292	136.997	532.524	1054.024	230.475	517.431	814.134	115.582	74.019	1369.260	128.885	-9.388	1024.548	196.566	15.047	769.224	151.869	443.920	863.090	145.289	426.488	464.814	-168.657	405.473	203.710	-230.137	351.814	224.652	-156.876	422.916	87.234	-85.446	365.216	42.950	174.342	92.544	900.438	291.153	135.727	492.865	251.331	175.182	67.132	204.015	229.037	32.901	354.691	145.162	30.631	461.574	204.923	30.674
299	2.98000	166.346	203.413	1684.142	142.943	432.900	1406.849	144.097	531.192	1055.582	236.669	516.977	815.660	127.343	72.587	1371.453	141.401	-12.165	1027.179	210.386	12.701	773.078	160.483	442.048	864.597	165.263	426.535	467.157	-149.340	404.190	209.097	-209.326	348.409	227.842	-136.230	421.589	92.610	-65.051	364.349	48.678	180.795	92.417	901.196	293.805	135.053	492.663	251.078	175.107	67.343	203.926	229.094	33.003	354.497	145.194	30.483	461.733	205.102	30.854
300	2.99000	176.124	202.048	1685.780	151.989	431.672	1408.173	151.189	530.154	1057.193	242.940	516.468	816.611	138.972	71.324	1373.647	153.979	-14.866	1029.979	224.090	10.808	775.727	169.686	440.196	866.453	185.485	426.136	470.514	-129.060	402.466	214.066	-189.458	347.000	231.541	-114.555	420.198	97.262	-41.247	363.041	52.857	189.907	91.030	902.676	296.874	134.803	492.589	251.314	175.139	67.290	204.004	229.026	32.932	354.507	145.202	30.452	461.708	205.113	30.892
301	3.00000	185.889	200.915	1687.372	160.806	430.512	1409.363	158.151	528.934	1058.469	249.210	515.936	817.932	150.421	70.054	1375.855	166.497	-17.046	1032.130	239.441	8.731	778.531	178.583	438.727	868.694	205.607	426.426	474.271	-107.690	400.579	217.093	-168.658	345.572	234.391	-92.188	418.476	101.105	-18.921	360.198	55.823	199.397	89.531	904.070	299.021	134.489	492.259	251.077	175.086	67.460	203.843	229.125	33.054	354.328	145.162	30.370	461.689	205.145	30.861
302	3.01000	195.751	199.648	1689.075	169.746	429.391	1410.620	164.927	528.023	1059.540	255.897	515.724	819.296	161.645	68.926	1377.841	178.992	-19.869	1034.978	253.257	6.539	782.176	188.302	437.206	870.892	226.072	427.177	477.315	-85.694	398.753	219.319	-147.051	343.662	235.497	-68.298	416.455	103.370	5.587	358.004	58.177	208.412	87.818	905.165	301.272	133.709	492.054	250.840	175.155	67.433	203.881	229.185	33.056	354.336	144.904	30.510	461.366	205.212	30.875
303	3.02000	205.497	198.626	1690.499	178.531	428.447	1411.791	171.660	526.904	1060.541	261.846	515.243	820.015	172.868	67.763	1380.101	191.507	-22.458	1037.372	267.849	4.780	784.480	197.543	436.066	873.677	246.359	427.366	480.267	-63.137	396.769	220.055	-125.032	341.616	236.165	-43.323	414.676	105.165	30.751	355.961	60.634	216.829	86.622	905.857	302.954	132.959	491.916	250.734	175.216	67.417	203.922	229.167	33.040	354.138	144.907	30.376	461.581	205.108	30.359
304	3.03000	215.656	197.689	1691.699	187.283	427.419	1412.705	178.506	526.018	1061.629	267.374	514.513	820.297	183.838	66.775	1381.998	203.894	-24.692	1039.833	282.219	2.652	788.067	207.098	435.446	876.300	265.410	427.754	483.772	-40.134	394.350	219.922	-102.508	339.388	234.494	-17.669	412.536	105.846	59.029	354.449	61.984	224.633	85.688	906.330	304.600	132.387	491.712	250.717	175.135	67.496	203.848	229.331	33.058	353.985	144.694	30.496	461.386	205.027	30.732
305	3.04000	225.684	196.885	1693.173	195.954	426.416	1413.393	185.031	524.792	1062.554	272.880	513.299	819.408	194.488	65.798	1383.841	217.122	-26.711	1042.266	295.586	0.835	790.726	216.960	434.964	879.009	284.563	427.772	486.055	-16.660	392.274	218.571	-79.477	336.840	231.587	9.392	410.480	105.700	86.956	353.276	62.876	230.770	85.093	906.606	306.194	131.364	491.692	250.850	175.272	67.586	204.085	229.405	33.010	354.149	144.520	30.536	461.313	204.987	30.726
306	3.05000	235.905	196.346	1694.303	204.927	425.541	1414.357	191.476	523.671	1063.265	278.534	512.305	820.167	205.105	64.762	1385.829	229.602	-28.947	1044.351	309.528	-1.094	794.023	226.673	434.530	881.415	302.434	427.568	489.503	7.426	389.899	215.706	-55.721	333.862	225.933	37.869	408.358	104.543	115.320	350.964	63.758	239.555	84.269	907.027	307.268	130.825	491.468	250.702	175.205	67.641	202.945	228.944	33.757	354.333	144.230	30.194	461.491	204.730	30.784
307	3.06000	245.774	195.909	1695.201	213.791	424.528	1415.027	198.031	522.568	1063.985	284.926	511.131	820.942	215.096	64.039	1387.515	242.078	-30.500	1046.618	324.052	-2.847	796.913	237.030	433.486	883.627	320.088	427.291	492.836	32.089	387.393	212.144	-31.250	331.259	220.033	66.333	406.085	102.332	145.377	348.984	62.447	247.971	83.500	907.534	308.332	130.414	491.290	250.608	175.424	67.620	202.866	229.178	33.584	353.959	144.017	30.356	461.266	204.622	30.702
308	3.07000	255.925	195.566	1696.089	222.754	423.762	1415.420	204.279	521.212	1064.299	290.953	510.154	820.988	225.179	63.071	1389.007	254.121	-32.804	1048.860	337.784	-4.783	799.293	246.360	433.150	885.389	338.094	426.645	496.156	57.492	384.890	207.350	-6.473	328.734	212.881	95.908	403.742	99.488	176.308	347.010	61.703	255.777	82.821	907.996	309.470	130.153	490.961	250.517	175.411	67.672	202.841	229.584	33.408	353.813	143.759	30.335	461.481	204.423	30.718
309	3.08000	265.988	195.451	1697.131	231.762	422.916	1415.550	210.688	519.934	1064.625	297.316	508.988	821.344	235.007	62.224	1390.440	266.288	-34.566	1050.712	351.754	-6.791	801.801	255.728	432.900	886.739	354.597	425.785	498.266	83.589	382.515	201.317	19.325	326.272	204.480	126.662	401.902	95.559	208.379	345.240	60.095	263.306	82.345	908.088	310.508	129.552	490.784	250.434	175.407	67.570	203.233	229.839	33.392	353.799	143.566	30.211	461.304	204.337	30.923
310	3.09000	276.256	195.471	1697.747	240.855	422.190	1415.834	217.414	518.770	1064.671	304.688	508.162	821.856	244.499	61.530	1391.587	277.623	-36.861	1052.606	364.817	-8.474	804.522	265.235	432.808	888.192	371.160	425.272	501.080	110.306	380.270	194.427	45.985	324.239	195.096	157.997	399.597	91.104	241.181	342.930	57.881	270.898	81.694	908.045	311.486	129.153	490.639	250.365	175.635	67.575	202.888	229.994	33.755	353.464	143.478	30.194	461.403	204.167	30.787
311	3.10000	286.441	195.516	1697.870	250.126	421.532	1415.933	224.281	517.612	1064.979	313.450	507.842	822.671	253.966	60.853	1392.443	289.180	-38.502	1054.381	378.683	-10.547	807.112	275.971	432.895	889.825	387.940	424.228	503.645	137.484	378.072	186.767	73.447	322.167	184.105	190.436	397.559	86.090	275.008	340.443	56.977	277.434	80.817	908.159	312.727	128.827	490.426	250.644	175.739	67.806	202.997	230.222	33.703	353.550	143.149	30.122	461.284	203.880	30.984
312	3.11000	296.755	195.801	1698.085	259.241	420.925	1415.708	231.330	516.673	1065.032	321.272	507.447	822.767	263.299	60.215	1393.371	301.060	-39.978	1055.749	392.541	-11.880	808.453	287.177	432.834	891.252	403.497	423.123	505.323	165.768	375.958	178.489	101.305	320.214	172.850	223.289	395.219	80.795	309.011	338.093	55.954	283.683	79.925	908.264	314.429	128.171	490.356	250.510	175.844	67.848	203.348	230.109	34.069	353.269	143.107	29.950	461.186	203.642	30.715
313	3.12000	306.912	195.996	1698.558	268.407	420.378	1415.433	238.903	515.817	1064.990	329.639	507.351	823.274	272.624	59.565	1393.867	313.392	-41.390	1056.531	405.988	-13.608	810.443	297.041	432.791	892.497	418.325	422.176	507.802	194.802	374.138	169.697	130.505	318.760	160.830	257.463	393.443	75.245	343.414	335.878	54.690	290.534	79.636	908.340	315.938	127.830	490.291	250.271	175.879	68.111	202.974	230.205	34.107	353.162	142.914	29.946	460.761	203.466	30.578
314	3.13000	317.125	196.162	1698.191	277.503	419.871	1415.024	246.432	515.158	1064.733	338.405	507.421	823.750	282.052	59.141	1394.045	323.896	-43.429	1057.455	418.991	-15.194	812.209	306.637	432.459	893.431	432.810	420.546	509.084	224.072	372.558	160.710	160.197	317.068	148.240	292.164	391.727	70.361	380.422	333.092	54.322	297.240	79.224	908.335	317.371	127.397	489.953	250.369	175.948	67.533	203.784	231.554	33.921	353.042	142.845	29.803	460.805	203.242	30.542
315	3.14000	327.254	196.636	1698.128	286.536	419.393	1414.772	254.239	514.596	1064.406	347.167	507.483	824.381	291.131	58.717	1394.147	335.103	-44.774	1058.232	431.747	-16.444	813.701	316.779	431.986	893.900	446.331	419.063	510.441	254.442	371.183	151.395	191.532	314.918	135.710	327.119	390.582	65.181	415.591	330.975	52.017	304.409	79.038	908.077	318.140	127.341	489.444	250.487	176.399	67.787	204.869	230.859	34.225	353.201	142.711	30.073	461.082	203.042	30.447
316	3.15000	337.275	197.044	1697.818	295.868	419.077	1414.219	262.814	514.156	1064.018	355.864	507.524	823.931	300.510	58.367	1394.259	345.303	-46.788	1059.084	445.182	-18.124	814.995	325.932	431.712	894.312	459.272	417.243	511.305	285.510	370.067	142.381	223.229	313.584	123.236	362.615	389.312	60.187	451.921	329.842	54.538	311.568	78.804	907.729	320.078	126.802	489.320	250.362	176.340	68.355	204.193	231.554	33.923	352.629	142.719	29.652	460.924	202.934	30.463
317	3.16000	347.380	197.587	1697.288	305.036	418.761	1413.473	271.563	513.841	1063.299	364.483	507.296	822.661	309.877	57.979	1394.027	356.373	-47.867	1059.007	457.765	-19.472	815.631	335.094	431.414	894.322	472.017	415.245	512.195	315.962	369.780	132.199	255.500	312.139	110.986	397.843	388.726	56.036	488.293	328.742	53.809	319.472	78.644	906.881	321.527	126.693	489.188	250.014	176.404	68.241	205.092	231.409	33.835	352.619	142.632	29.567	461.337	202.602	30.537
318	3.17000	357.243	198.110	1696.811	314.277	418.562	1412.619	280.178	513.438	1062.689	372.560	507.262	822.331	319.329	57.751	1393.473	366.326	-49.440	1059.867	469.862	-20.682	816.702	344.484	431.082	894.417	483.465	413.709	511.739	346.505	366.941	126.171	289.365	310.641	98.356	433.267	388.299	51.720	522.894	329.150	53.594	326.751	78.325	906.571	323.737	126.272	489.130	250.077	176.406	68.173	205.262	231.465	34.041	352.840	142.444	29.809	460.872	202.485	30.661
319	3.18000	367.381	198.592	1695.900	323.521	418.294	1411.583	289.354	513.416	1061.588	381.743	507.011	820.938	328.823	57.584	1392.677	376.946	-50.144	1058.749	481.670	-21.758	817.229	353.638	430.909	894.102	494.735	411.501	512.166	378.837	366.419	117.610	322.477	309.853	87.649	468.772	388.303	48.691	559.768	329.393	54.173	334.233	77.907	906.016	324.968	126.387	488.812	249.882	176.523	68.185	205.202	231.831	34.030	352.581	142.365	29.702	461.158	202.090	30.804
320	3.19000	377.497	199.247	1695.030	332.983	418.278	1410.625	298.850	513.248	1060.488	390.590	507.020	819.950	338.277	57.422	1391.970	387.439	-51.058	1059.066	494.326	-22.800	817.345	362.647	430.690	893.592	506.084	409.349	510.996	411.531	366.292	110.010	356.472	309.412	76.393	504.682	388.424	46.180	594.749	330.708	56.629	342.224	77.989	905.050	326.460	126.499	488.278	249.967	176.911	68.344	205.028	232.067	34.701	352.385	142.259	29.543	461.666	202.548	30.331
321	3.20000	387.505	199.814	1694.010	342.423	418.285	1409.483	308.232	513.157	1059.092	399.269	506.962	818.679	347.851	57.448	1391.040	397.940	-51.719	1057.961	505.428	-23.843	817.773	371.933	430.559	892.611	515.923	407.255	509.326	444.361	366.146	102.963	391.436	308.917	66.418	540.525	388.870	44.405	631.559	331.287	60.783	350.142	77.552	904.147	329.848	126.144	488.036	250.177	177.054	68.187	205.019	232.318	35.011	352.430	142.255	29.620	461.745	202.187	30.207
322	3.21000	397.396	200.365	1692.927	352.117	418.321	1407.783	317.747	513.037	1057.695	408.426	506.558	816.607	357.188	57.552	1390.054	407.572	-52.597	1057.505	516.968	-24.916	817.652	381.153	430.242	891.693	525.257	404.470	507.315	478.128	366.492	95.944	426.504	308.743	57.135	575.901	389.794	43.884	666.208	332.956	63.742	358.297	77.327	903.215	332.473	125.970	487.756	249.877	177.262	68.612	205.083	232.852	35.051	352.474	142.103	29.389	462.009	202.280	30.169
323	3.22000	407.639	201.030	1691.446	361.887	418.444	1406.420	327.928	513.169	1055.943	417.536	506.561	814.575	366.810	57.705	1388.879	417.930	-52.909	1056.750	528.478	-25.652	817.245	390.494	430.104	890.350	534.501	401.982	505.357	510.732	367.032	91.488	461.739	309.018	49.425	611.154	389.993	44.012	699.938	334.999	68.040	366.399	77.226	902.144	335.191	126.054	487.168	249.411	177.605	69.227	205.241	233.021	35.594	352.423	142.090	29.446	461.867	202.183	30.031
324	3.23000	417.539	201.636	1690.072	371.725	418.723	1404.722	337.887	512.977	1054.136	426.019	506.057	812.555	376.346	57.910	1387.642	427.558	-53.572	1055.370	538.841	-26.221	816.875	400.028	429.854	888.695	542.238	399.055	503.029	542.726	367.580	87.634	497.216	309.672	42.670	646.224	391.482	45.602	733.503	335.748	75.364	374.698	76.824	900.994	338.530	126.033	486.293	249.833	177.736	69.088	205.473	233.330	35.498	352.231	142.148	29.324	462.180	202.032	29.938
325	3.24000	427.820	202.450	1688.393	381.641	418.969	1402.969	347.737	512.859	1052.320	435.677	505.730	809.733	385.637	58.217	1386.132	437.020	-53.675	1054.976	549.528	-26.996	816.144	409.319	429.578	886.550	549.941	396.147	499.769	574.555	368.528	84.697	532.272	310.329	37.458	681.412	392.928	48.749	765.937	337.443	82.057	383.137	76.925	899.697	342.057	125.987	485.472	250.433	178.275	68.912	205.472	233.670	35.801	352.335	142.053	29.431	461.979	201.955	29.832
326	3.25000	437.779	203.236	1686.473	391.805	419.407	1401.057	357.876	512.766	1050.319	444.240	505.113	807.686	395.211	58.497	1384.630	446.795	-53.856	1053.053	560.266	-27.966	815.091	418.433	429.359	884.134	556.922	393.163	496.413	606.584	368.461	83.852	565.969	311.351	34.106	714.164	394.148	53.443	797.897	339.010	90.393	391.612	76.663	898.463	346.346	125.827	484.712	250.683	178.460	68.920	205.772	233.979	36.044	352.157	142.052	29.337	462.089	201.776	29.641
327	3.26000	447.786	203.970	1684.802	401.890	419.826	1398.873	367.919	512.609	1048.006	453.260	504.638	804.971	404.475	59.056	1382.908	456.334	-53.603	1051.906	570.667	-28.489	814.111	427.610	428.884	881.575	564.063	390.408	493.160	636.341	368.933	84.066	599.108	311.840	32.288	746.254	395.809	59.302	828.252	340.124	99.079	400.709	76.699	896.840	350.924	125.367	484.305	250.994	178.600	68.840	205.779	234.278	36.519	352.344	142.037	29.423	462.340	201.924	29.787
328	3.27000	457.882	204.949	1682.703	412.287	420.437	1396.746	378.390	512.354	1045.712	463.023	504.084	802.354	413.869	59.802	1381.277	465.809	-53.926	1050.629	580.704	-28.983	812.459	437.700	428.432	878.665	571.151	388.138	490.558	664.774	368.942	85.399	630.147	311.949	31.516	775.606	397.525	66.143	858.552	342.390	109.888	409.160	76.672	895.578	355.831	125.380	483.276	251.294	178.847	69.325	205.724	234.526	36.688	352.083	142.136	29.324	462.236	201.823	29.826
329	3.28000	468.123	205.774	1680.840	422.655	421.169	1394.604	388.507	512.283	1043.101	471.832	503.393	799.927	423.319	60.418	1379.310	476.279	-52.962	1048.550	590.698	-29.777	811.432	447.040	428.037	875.804	579.306	385.875	487.674	690.914	368.578	87.534	659.293	311.059	32.187	803.489	397.723	73.375	882.795	344.175	118.971	417.744	76.580	894.171	360.703	125.205	482.612	251.473	178.770	69.603	206.035	235.014	37.381	352.067	142.127	29.399	462.470	201.896	29.752
330	3.29000	477.819	206.802	1678.744	433.205	421.918	1392.120	398.945	512.079	1040.555	481.501	502.630	796.786	432.627	61.221	1377.485	484.965	-53.377	1046.888	599.951	-30.227	809.105	457.387	427.601	872.809	587.462	384.259	485.409	714.778	367.619	89.952	685.233	310.357	33.092	827.805	396.779	79.725	909.281	346.012	127.217	427.114	76.644	892.447	366.419	124.938	481.642	251.682	179.018	69.753	206.017	235.025	37.716	352.287	142.161	29.453	462.738	201.676	29.451
331	3.30000	488.063	207.873	1676.597	443.743	422.813	1389.905	409.607	511.986	1037.789	490.721	501.843	794.021	442.021	62.004	1375.629	494.212	-52.626	1045.444	609.821	-30.611	807.579	467.718	427.336	870.003	596.568	382.863	483.366	736.036	366.586	91.754	709.392	308.311	34.023	851.328	396.382	85.513	931.287	346.755	135.530	436.179	76.727	890.696	372.386	124.982	480.588	252.327	179.143	70.250	206.178	235.181	38.088	352.192	142.301	29.554	462.795	201.774	29.357
332	3.31000	497.924	208.941	1674.609	454.350	423.961	1387.655	419.857	511.949	1035.067	500.128	500.873	791.224	451.448	62.823	1373.611	503.605	-52.438	1043.292	618.950	-31.394	806.108	478.235	427.296	867.225	605.655	381.945	480.401	754.675	364.849	92.694	729.442	306.197	35.220	870.991	394.658	89.691	949.447	346.997	142.014	445.171	76.805	889.449	378.825	124.881	479.674	252.789	178.925	70.900	206.064	235.315	38.706	352.429	142.364	29.727	462.809	201.753	29.355
333	3.32000	507.969	210.042	1672.771	465.178	424.957	1385.191	430.788	512.004	1032.438	509.442	500.177	787.614	460.994	63.868	1371.630	513.009	-52.129	1041.890	627.803	-31.567	803.364	488.500	427.634	865.050	615.913	381.340	478.859	770.134	363.142	93.455	746.200	304.269	34.893	886.806	392.675	92.124	965.840	345.468	144.866	454.444	77.032	887.522	385.232	124.851	478.819	253.453	178.663	71.560	206.072	235.019	39.918	352.105	142.555	29.467	462.994	201.663	29.426
334	3.33000	518.003	211.214	1670.999	475.918	426.023	1383.136	441.555	511.951	1029.696	518.892	499.121	784.661	470.456	64.931	1369.956	522.815	-50.990	1039.820	636.291	-32.045	801.674	498.807	428.004	863.301	627.262	380.424	476.914	782.797	360.836	92.203	759.052	302.284	33.800	899.387	390.160	92.821	977.463	341.433	147.004	464.016	77.386	885.797	392.591	125.161	477.441	253.552	178.551	72.480	206.246	234.584	41.120	352.422	142.622	29.676	463.061	201.989	29.384
335	3.34000	528.063	212.556	1669.193	486.811	427.201	1381.001	452.819	511.965	1027.413	527.646	498.126	781.961	480.299	66.045	1368.085	530.852	-50.635	1038.063	644.225	-32.127	799.289	509.706	428.377	861.854	640.518	379.922	476.382	792.359	359.068	90.106	768.096	300.519	31.720	908.888	387.595	90.674	986.314	337.668	143.971	473.066	77.624	884.432	400.146	125.636	476.230	254.133	178.228	73.330	206.777	234.241	41.764	352.513	142.457	29.626	463.289	202.010	29.150
336	3.35000	538.078	214.014	1667.620	497.500	428.352	1378.953	463.560	511.991	1025.202	537.056	496.950	778.812	490.023	67.151	1366.789	539.781	-49.897	1037.126	652.390	-32.704	797.362	519.906	428.579	860.308	653.030	379.660	475.416	799.416	357.038	86.933	773.599	298.650	29.007	915.808	384.724	86.213	995.136	334.950	139.072	482.925	78.214	882.698	408.031	125.789	474.819	255.360	178.045	74.553	205.570	233.790	44.104	352.818	142.448	29.562	463.271	202.363	29.281
337	3.36000	548.108	215.536	1665.994	508.377	429.698	1377.057	474.569	512.074	1023.086	546.060	495.892	776.462	499.896	68.315	1365.278	548.431	-48.953	1035.194	660.065	-33.018	795.708	530.752	429.093	858.677	666.733	378.838	474.936	803.725	354.995	83.299	776.304	296.876	25.535	920.281	381.824	79.151	999.915	330.197	130.218	492.260	78.680	881.235	416.064	125.710	473.594	256.502	177.373	76.270	206.631	233.016	47.501	352.793	142.523	29.576	463.063	202.256	29.580
338	3.37000	558.325	217.127	1664.796	519.162	430.951	1375.156	485.588	512.202	1020.943	556.048	495.006	773.814	509.751	69.488	1364.104	556.637	-48.284	1034.496	666.697	-32.914	793.575	542.274	429.372	857.148	680.689	378.456	474.450	806.335	352.843	78.371	776.001	295.453	21.659	921.916	378.284	71.014	1003.235	326.558	118.890	502.383	79.299	879.803	424.160	125.574	472.615	257.538	176.509	77.919	206.933	232.366	50.142	352.887	142.598	29.690	463.213	202.332	29.240
339	3.38000	568.336	218.644	1663.570	529.952	432.405	1373.620	496.170	512.483	1019.191	565.408	494.391	771.582	519.608	70.832	1363.215	564.465	-47.602	1033.495	673.336	-33.085	791.526	554.227	429.810	856.054	694.246	378.146	473.596	806.988	351.068	73.989	772.652	295.173	17.325	922.220	374.770	62.752	1004.512	321.137	106.098	511.832	80.307	878.525	434.140	126.295	471.135	258.862	176.152	79.356	207.392	231.614	51.664	353.157	142.448	29.662	463.129	202.366	29.498
340	3.39000	578.269	220.553	1662.581	540.581	433.776	1372.130	506.943	512.856	1017.504	575.437	494.144	770.170	529.478	72.323	1362.208	573.309	-46.550	1032.535	680.604	-33.378	789.836	566.205	430.346	854.782	708.008	378.158	472.469	806.070	348.439	69.250	771.140	294.421	16.261	920.705	371.383	53.905	1005.288	314.272	92.978	521.914	81.355	877.691	444.230	126.396	469.837	260.772	175.297	82.021	207.424	230.713	56.101	353.519	142.561	29.736	463.109	202.228	29.207
341	3.40000	588.490	222.257	1661.688	551.532	435.261	1370.732	517.841	513.484	1015.698	586.350	494.196	768.073	539.095	73.903	1361.348	581.208	-45.524	1031.196	686.998	-33.418	788.093	579.384	431.392	853.984	721.262	377.116	472.728	810.382	346.984	72.065	774.568	293.921	20.076	921.777	368.018	46.167	1011.097	307.436	81.739	531.461	83.009	876.437	453.757	126.234	469.289	261.560	175.299	84.487	208.617	230.366	60.544	353.568	142.693	29.778	463.048	202.544	29.584
342	3.41000	598.569	223.858	1661.214	562.193	437.004	1369.886	528.818	514.215	1014.442	597.183	494.313	767.271	549.130	75.315	1360.835	588.980	-43.955	1030.508	692.993	-33.540	786.843	591.556	432.662	853.203	732.185	377.150	472.447	823.144	348.241	74.227	778.984	294.703	24.127	931.065	370.216	41.329	1020.238	304.996	73.320	541.780	84.789	875.350	464.111	126.858	468.462	263.250	173.920	88.543	209.555	228.603	64.475	354.148	142.772	29.826	463.203	202.612	29.434
343	3.42000	608.706	225.516	1661.264	573.033	438.721	1369.111	540.225	515.088	1013.656	608.845	494.462	766.133	558.797	76.746	1360.621	597.125	-43.127	1030.178	698.688	-33.493	785.276	604.687	433.982	853.325	741.728	378.135	473.820	831.207	349.354	69.182	784.024	296.234	27.400	939.817	369.385	37.481	1028.094	310.231	69.614	551.962	86.383	874.897	475.390	126.962	467.489	266.337	169.787	93.557	211.713	228.132	70.901	353.712	142.668	29.622	463.432	202.578	29.290
344	3.43000	618.769	227.199	1661.442	583.811	440.298	1368.823	551.384	516.169	1012.934	619.619	494.742	765.281	568.239	78.246	1360.599	604.578	-41.791	1029.921	703.655	-33.606	784.152	618.250	435.694	854.573	752.601	379.637	475.228	835.616	350.605	68.986	787.751	297.548	29.713	946.403	367.262	33.260	1038.004	313.820	62.570	562.421	87.884	874.389	487.087	126.927	467.117	268.233	169.806	97.058	212.954	227.942	77.708	353.986	143.490	29.949	463.088	202.654	29.461
345	3.44000	629.049	229.049	1662.040	594.570	441.839	1368.777	562.912	517.338	1012.655	631.180	495.282	765.264	578.099	79.818	1360.932	612.341	-40.509	1030.816	709.666	-33.534	783.012	631.647	437.431	856.058	766.299	381.285	476.227	839.994	351.614	70.339	788.691	298.923	31.325	948.921	367.536	28.583	1044.195	312.049	50.017	575.054	91.126	872.988	500.710	127.067	466.437	270.707	168.620	102.104	216.096	226.727	84.624	355.990	143.455	31.771	463.311	202.828	29.434
346	3.45000	639.254	230.721	1662.825	605.158	443.457	1369.105	574.537	518.721	1012.925	642.574	496.109	765.313	587.981	81.159	1361.494	618.826	-39.081	1031.155	714.466	-33.100	782.451	644.858	438.801	857.848	780.722	382.465	477.243	841.274	351.938	67.311	788.506	300.071	31.738	947.378	370.642	25.497	1042.550	307.977	38.944	587.884	93.375	872.466	514.839	127.099	465.687	275.015	171.082	108.344	218.265	225.421	92.708	357.734	144.282	33.256	463.917	202.984	29.134
347	3.46000	649.268	232.429	1663.388	615.753	444.945	1369.722	586.378	520.199	1013.504	654.964	497.738	766.455	597.561	82.744	1362.406	627.292	-37.279	1031.063	718.534	-32.657	781.794	657.722	440.880	859.944	793.427	383.864	478.437	841.635	351.656	67.096	789.244	300.068	32.130	945.664	371.697	23.702	1043.726	303.475	36.679	599.442	94.903	872.269	529.984	126.799	465.461	279.992	169.447	114.909	223.449	224.193	101.790	359.271	143.970	34.380	463.637	203.308	29.313
348	3.47000	659.202	234.130	1664.435	626.457	446.479	1370.583	598.430	521.861	1014.478	667.004	499.398	767.169	607.129	84.217	1363.590	634.540	-35.784	1032.245	722.581	-32.096	781.611	670.187	442.512	862.043	803.964	384.954	478.848	843.549	351.603	69.094	789.823	300.317	32.702	947.097	371.874	23.834	1045.566	301.446	37.550	611.262	95.714	872.124	545.961	126.532	465.161	284.868	167.718	121.845	229.142	222.906	112.432	360.044	143.280	35.210	463.998	203.135	29.088
349	3.48000	669.338	235.881	1665.838	637.202	447.924	1371.750	610.733	523.708	1015.737	680.007	501.134	768.575	616.505	85.756	1364.876	641.167	-34.372	1033.429	726.970	-31.348	782.275	682.483	443.982	864.408	814.719	386.383	481.160	844.446	352.002	68.789	789.790	300.946	32.951	948.840	372.268	24.309	1045.802	301.080	35.017	622.799	96.592	871.999	563.735	125.402	464.943	292.549	165.611	128.971	236.146	220.766	123.259	361.577	142.595	36.753	463.788	203.506	29.199
350	3.49000	679.694	237.549	1667.564	647.999	449.252	1373.071	623.090	525.925	1017.208	692.562	503.130	770.271	625.797	87.331	1366.393	649.007	-32.034	1034.222	730.771	-30.843	782.136	695.401	445.599	867.431	824.810	387.858	481.847	846.365	353.781	70.334	789.685	301.578	33.083	948.490	372.578	23.749	1046.120	302.600	30.276	634.708	97.130	872.016	581.875	124.550	464.763	301.026	163.178	136.883	244.490	218.241	133.616	365.740	142.528	39.687	463.654	203.845	29.557
351	3.50000	689.725	239.300	1668.987	658.768	450.457	1374.799	635.383	527.924	1018.853	705.842	505.639	771.822	635.668	88.731	1368.023	655.913	-30.576	1035.606	734.598	-29.602	782.120	708.341	447.253	870.475	832.133	388.774	482.334	847.336	353.839	70.436	789.962	301.871	32.869	947.895	373.172	22.923	1046.921	303.140	29.166	646.812	97.969	872.305	602.433	122.637	464.016	312.498	161.947	144.848	255.619	216.707	146.554	369.595	142.208	42.494	463.604	203.772	29.436
352	3.51000	699.647	240.939	1670.316	669.477	451.686	1376.519	647.937	530.076	1020.411	720.024	508.360	774.856	645.287	90.194	1369.725	662.455	-28.877	1037.215	738.875	-28.448	782.394	720.924	449.045	872.468	838.964	389.707	481.768	847.558	354.235	70.143	789.294	302.309	32.864	948.111	373.533	22.225	1049.089	301.822	30.209	658.752	99.399	872.847	623.001	120.766	463.107	324.276	160.439	153.753	268.436	215.284	156.870	374.316	142.606	47.222	462.940	203.388	29.847
353	3.52000	709.679	242.668	1671.961	680.043	452.899	1377.856	660.887	532.477	1022.613	734.212	510.760	775.963	654.737	91.418	1371.278	668.685	-27.157	1038.903	743.257	-27.045	783.148	732.849	450.571	874.697	843.912	390.693	481.711	847.156	354.104	69.577	789.211	302.596	32.914	948.106	373.117	22.607	1048.023	299.491	29.922	670.491	100.861	873.488	644.024	119.097	462.619	337.781	159.094	161.483	283.364	215.675	168.955	379.992	143.507	51.004	463.157	202.959	29.519
354	3.53000	719.726	244.266	1673.436	690.742	453.935	1379.702	673.578	535.090	1024.438	748.692	513.809	779.380	664.197	92.688	1372.928	675.931	-25.752	1040.510	746.736	-25.912	783.194	744.521	451.812	876.611	849.100	391.540	481.459	847.029	354.099	69.542	789.641	302.326	32.794	948.331	372.770	23.174	1046.777	298.580	29.370	682.030	102.585	874.063	664.927	118.043	461.309	353.079	158.357	168.429	297.948	214.224	180.245	387.929	143.372	56.391	464.048	202.072	28.777
355	3.54000	729.882	245.846	1675.033	701.540	454.797	1381.167	686.650	537.616	1026.345	763.106	516.629	781.639	673.140	93.845	1374.466	682.417	-24.579	1041.342	751.151	-24.555	783.980	755.972	453.070	878.134	852.693	392.326	481.508	847.934	353.886	69.494	788.969	302.570	32.773	948.322	372.794	23.162	1046.363	298.354	29.303	693.219	104.327	874.645	686.114	117.095	460.482	368.728	157.826	174.464	314.271	213.706	189.692	398.668	142.469	62.705	468.325	200.540	28.052
356	3.55000	739.635	247.469	1676.497	712.097	455.717	1382.683	699.512	540.106	1028.240	777.849	519.470	784.576	682.150	94.834	1375.804	689.127	-22.682	1043.212	755.264	-23.133	784.368	766.640	454.353	880.607	856.905	392.728	481.867	847.678	354.072	69.604	789.251	302.586	32.698	948.192	372.830	22.805	1046.183	297.728	29.390	703.684	106.123	875.150	706.555	116.517	459.702	384.054	157.790	182.204	330.155	214.043	199.513	410.211	141.718	69.757	478.178	196.944	29.297
357	3.56000	749.617	248.954	1677.864	722.914	456.504	1383.900	712.652	542.593	1029.815	792.717	522.247	786.596	690.936	95.884	1377.117	696.354	-20.806	1044.178	759.801	-21.508	785.218	776.667	455.258	882.747	861.639	393.023	482.071	847.583	353.980	69.838	789.152	302.596	32.713	948.173	372.759	22.904	1046.631	297.557	29.558	714.019	107.746	875.760	727.129	115.745	459.914	399.733	158.617	189.460	348.373	215.037	207.730	423.426	140.702	77.327	493.354	193.753	33.867
358	3.57000	759.660	250.301	1679.428	733.648	457.068	1385.264	725.886	545.278	1031.928	807.554	524.912	788.953	699.551	96.640	1378.364	703.752	-19.510	1044.437	764.535	-19.884	785.884	785.488	455.969	884.463	865.719	393.099	481.999	845.646	352.642	68.056	789.265	302.451	32.601	948.146	372.573	23.058	1046.505	297.684	29.232	724.420	108.876	876.430	747.949	115.180	460.785	416.957	158.709	196.578	366.002	215.820	213.323	440.369	140.263	85.105	512.760	192.283	38.164
359	3.58000	769.482	251.631	1680.800	744.146	457.635	1386.744	739.409	547.866	1033.823	822.160	527.542	791.101	708.293	97.537	1379.768	711.013	-17.977	1045.545	769.019	-18.283	786.138	792.754	456.445	885.399	869.079	393.486	481.816	847.379	354.042	70.140	788.751	302.783	32.711	948.141	372.624	23.153	1046.417	297.783	29.357	734.634	109.826	877.467	768.182	114.118	462.976	436.378	159.700	200.962	384.965	217.410	216.867	459.803	139.944	91.350	532.394	192.153	43.091
360	3.59000	779.341	252.945	1682.271	754.879	457.975	1388.221	752.713	550.168	1035.582	836.270	529.711	793.525	716.790	98.079	1381.026	716.849	-16.212	1046.422	774.419	-16.553	786.726	800.306	457.694	886.494	871.750	393.969	481.653	847.027	353.978	70.278	788.963	302.550	32.778	948.051	372.740	23.085	1046.439	297.762	29.239	744.730	110.580	878.763	788.158	113.046	466.435	456.623	160.322	204.477	403.655	217.978	219.679	481.080	140.188	94.600	554.065	191.823	45.194
361	3.60000	789.013	254.257	1683.675	765.437	458.512	1389.646	765.714	552.279	1037.671	850.994	532.216	796.019	725.381	98.870	1382.213	724.329	-14.628	1047.847	779.739	-14.932	786.968	807.156	458.325	886.894	874.225	394.181	481.227	846.947	353.987	70.332	788.575	302.860	32.983	948.046	372.752	23.048	1046.499	297.813	29.375	755.581	110.965	880.643	807.849	111.998	470.263	477.726	160.822	207.445	423.904	218.229	222.319	503.850	140.930	97.456	577.451	191.283	49.095
362	3.61000	799.124	255.225	1685.385	775.781	458.840	1391.284	778.919	554.074	1039.378	864.666	534.090	798.266	733.756	99.350	1383.445	731.156	-13.586	1047.885	785.795	-12.827	787.398	813.785	458.640	886.900	876.828	394.463	481.053	846.861	353.865	70.393	788.532	302.756	32.909	948.022	372.770	23.024	1046.357	297.641	29.150	765.634	111.547	882.839	827.460	111.467	473.290	499.396	161.766	209.448	445.030	219.286	224.290	528.202	141.036	99.300	602.436	189.955	52.705
363	3.62000	809.103	256.209	1686.874	786.238	459.113	1392.917	791.759	555.989	1041.904	878.793	536.203	800.699	742.591	99.834	1385.014	737.861	-12.117	1048.724	790.733	-10.626	788.257	822.528	459.246	887.679	879.025	394.680	480.860	846.659	353.939	70.350	788.886	302.171	32.820	947.933	372.876	22.907	1046.437	297.614	29.182	775.586	111.996	884.931	847.532	110.343	476.980	520.891	162.911	210.090	466.911	220.846	223.148	552.167	141.467	100.161	627.512	189.477	53.609
364	3.63000	818.754	257.096	1688.007	796.436	459.310	1394.501	804.176	557.362	1043.984	891.892	537.643	802.694	751.111	100.310	1386.398	744.548	-10.445	1050.080	796.249	-8.646	788.877	830.211	460.316	888.122	881.787	395.259	481.385	846.638	353.981	70.383	788.596	302.410	32.835	947.786	373.081	22.882	1046.746	297.517	29.605	785.127	112.328	887.373	866.367	109.808	479.948	543.693	163.695	209.938	490.189	223.242	220.006	576.023	141.432	101.221	653.488	188.520	52.691
365	3.64000	828.696	257.643	1689.408	806.522	459.578	1396.250	817.067	558.774	1046.027	905.819	539.275	805.881	759.792	100.863	1387.536	751.245	-8.829	1051.157	801.728	-6.323	789.773	837.149	460.700	888.748	883.841	395.543	481.006	846.646	353.993	70.379	788.467	302.438	32.709	947.876	373.096	22.843	1046.461	297.787	29.489	795.346	111.545	889.887	884.638	109.151	483.344	567.451	164.812	208.015	514.196	225.699	216.385	600.971	141.718	101.312	680.967	187.366	53.937
366	3.65000	838.624	258.214	1690.700	816.460	459.744	1398.032	829.432	560.100	1048.375	918.818	540.702	808.007	768.490	101.236	1388.631	757.807	-7.098	1051.755	807.807	-3.889	790.673	843.828	460.586	888.356	886.276	395.580	480.919	846.258	353.865	70.247	788.479	302.256	32.816	947.736	373.274	22.833	1046.565	297.946	29.021	806.466	111.120	892.718	902.738	108.936	486.573	590.993	166.650	205.761	537.118	227.091	212.667	627.652	141.766	100.173	710.418	185.564	53.366
367	3.66000	848.745	258.639	1691.785	826.124	459.953	1399.540	841.474	561.117	1050.237	932.296	541.640	810.962	777.588	101.609	1389.683	764.087	-5.765	1052.530	813.533	-1.691	791.706	850.792	461.026	888.218	888.385	395.312	480.775	846.233	353.709	70.119	788.353	302.085	32.536	947.643	373.374	22.753	1046.482	297.880	29.366	816.097	111.019	895.139	920.203	108.953	490.038	615.045	168.598	201.046	562.658	228.667	204.691	656.336	141.685	98.178	740.444	184.740	53.469
368	3.67000	858.483	258.770	1692.479	835.884	459.994	1401.157	853.605	562.064	1052.451	945.286	542.663	812.763	786.740	101.979	1390.584	770.991	-4.058	1052.577	819.764	0.852	792.207	857.946	461.175	888.286	890.229	395.198	480.590	846.001	353.521	70.291	787.966	302.168	32.814	947.514	373.480	22.851	1046.463	297.912	29.260	825.858	110.841	897.041	937.393	109.150	493.181	639.989	169.388	196.954	586.745	230.708	197.704	687.211	141.700	95.976	773.739	183.616	53.339
369	3.68000	868.464	258.890	1693.338	845.389	460.142	1402.640	865.283	562.840	1054.193	959.115	543.469	815.511	796.010	102.275	1391.222	777.449	-2.548	1052.953	826.062	3.245	792.192	864.405	461.879	888.266	892.133	395.013	480.420	845.958	353.209	70.135	787.634	302.065	32.748	947.544	373.508	22.754	1046.575	298.127	29.084	835.462	111.027	899.175	954.379	109.446	496.323	666.429	171.015	191.490	613.201	231.850	189.510	717.662	141.927	92.704	806.008	182.356	51.259
370	3.69000	878.496	258.902	1693.930	854.909	460.273	1403.960	876.683	563.659	1055.516	971.894	543.990	817.585	805.508	102.566	1391.745	784.716	-1.356	1053.294	832.978	5.804	792.469	871.320	461.736	888.476	893.853	394.819	480.360	845.590	353.093	70.320	787.951	301.629	32.983	947.268	373.670	22.774	1046.709	298.251	29.303	845.274	110.830	900.674	970.696	110.070	499.401	692.854	172.455	184.103	639.358	233.975	179.537	749.132	141.691	89.969	839.803	181.651	51.198
371	3.70000	888.459	258.496	1694.399	864.374	460.308	1404.975	888.161	564.319	1057.090	985.850	544.716	820.259	814.987	102.737	1392.047	791.653	-0.034	1054.077	839.577	7.925	792.396	877.329	461.609	888.161	896.060	394.847	480.211	844.327	351.198	69.081	788.043	301.270	33.050	947.095	373.805	22.752	1046.698	298.433	28.924	854.322	111.100	901.556	986.792	110.820	501.961	720.063	173.650	175.734	667.813	235.395	168.917	781.051	142.330	85.407	874.754	181.178	50.313
372	3.71000	898.594	258.440	1694.827	873.662	460.378	1405.887	899.405	565.008	1058.338	998.986	545.232	822.050	824.561	102.770	1392.113	799.437	1.609	1054.207	846.725	10.543	792.218	883.854	461.276	888.138	897.902	394.678	480.421	843.926	351.086	68.933	788.042	300.946	33.109	947.047	373.846	22.798	1046.710	298.745	29.053	863.343	111.226	902.766	1002.334	112.051	504.612	748.631	174.931	167.681	695.015	237.421	157.357	813.990	142.246	81.691	909.514	180.067	49.022
373	3.72000	908.536	258.008	1694.904	883.174	460.461	1406.538	910.210	565.645	1059.395	1012.551	545.575	824.202	834.425	102.938	1392.141	807.068	2.928	1053.570	853.803	13.184	792.359	890.568	460.879	887.569	899.725	394.736	480.421	843.843	350.843	69.003	788.257	300.640	33.215	947.014	373.896	22.858	1046.698	298.846	28.846	872.516	110.938	903.053	1017.461	112.874	507.157	777.905	175.825	158.426	727.413	238.766	146.291	847.667	142.020	77.020	945.134	179.312	48.960
374	3.73000	918.502	257.458	1694.763	892.523	460.536	1407.088	921.267	566.192	1060.353	1025.799	545.812	826.288	844.000	102.963	1391.954	815.436	4.146	1052.975	861.671	15.594	791.060	897.503	460.892	887.651	901.514	394.579	480.112	843.775	350.479	69.164	788.926	300.658	33.229	946.878	373.986	22.784	1046.829	298.963	28.943	883.129	110.021	903.559	1031.595	113.952	509.012	807.291	176.865	149.973	758.268	240.737	134.241	881.099	141.894	72.103	981.460	177.806	48.616
375	3.74000	928.435	256.990	1694.681	901.730	460.521	1407.308	932.039	566.830	1060.871	1038.514	545.735	828.013	853.655	102.885	1391.555	824.005	5.128	1052.457	869.353	17.837	790.705	904.796	460.466	887.266	903.407	394.259	479.404	843.828	350.376	69.170	788.791	300.250	33.248	946.750	374.026	22.802	1046.921	299.174	28.926	892.863	109.495	903.692	1045.621	114.794	511.124	838.525	176.896	141.714	787.708	241.865	123.396	915.735	141.703	67.446	1016.599	176.185	48.483
376	3.75000	938.512	256.252	1694.248	910.911	460.497	1407.474	942.664	567.190	1061.025	1051.279	545.439	829.234	863.509	102.880	1391.025	832.436	6.210	1051.294	876.895	20.256	789.883	912.132	460.380	886.875	906.247	394.404	479.543	843.894	350.213	69.192	788.604	300.349	33.641	946.820	374.034	22.777	1047.125	299.302	28.700	901.536	109.411	903.890	1058.111	115.763	512.370	870.413	178.476	131.856	822.350	242.689	111.647	949.747	140.945	63.052	1053.329	174.739	49.061
377	3.76000	948.513	255.466	1693.826	920.425	460.454	1407.352	952.945	567.604	1061.365	1064.336	545.258	830.932	873.347	102.762	1390.288	841.356	7.635	1050.679	886.128	22.075	788.433	919.569	460.082	886.473	909.103	394.507	479.453	843.937	350.073	69.251	789.500	300.365	33.035	946.616	374.180	22.770	1047.335	299.500	28.664	911.697	109.051	903.395	1070.580	117.132	513.419	901.057	179.560	123.816	856.581	244.066	98.771	984.090	140.459	59.096	1088.643	172.494	49.684
378	3.77000	958.664	254.594	1693.135	929.767	460.255	1406.908	963.081	567.814	1061.192	1076.589	544.643	831.585	883.297	102.506	1389.564	851.205	8.398	1048.811	894.075	24.258	787.473	926.597	460.222	885.914	911.595	394.536	478.951	844.109	349.996	69.287	789.030	299.880	33.456	946.616	374.243	22.753	1047.157	299.438	28.859	920.160	108.976	903.184	1082.633	118.379	514.190	932.848	179.656	113.965	888.986	244.313	87.438	1019.239	139.551	55.592	1124.191	170.076	50.557
379	3.78000	968.583	253.617	1692.268	939.170	460.148	1406.516	973.459	568.086	1061.337	1089.650	544.278	833.026	892.988	102.217	1388.781	860.629	9.700	1048.092	903.477	25.997	786.910	935.126	459.982	885.278	914.609	394.630	478.690	844.327	349.789	69.370	788.625	299.679	33.881	946.659	374.211	22.788	1047.226	299.635	28.766	929.437	108.634	902.926	1094.251	119.682	513.763	965.135	179.669	107.636	926.853	245.784	77.459	1054.064	138.287	51.969	1160.063	167.665	52.079
380	3.79000	978.725	252.728	1691.280	948.748	459.808	1405.841	983.178	568.329	1060.824	1101.616	543.709	833.736	902.904	101.952	1387.711	871.241	10.535	1046.044	912.577	28.190	784.911	942.742	459.840	884.284	917.664	394.685	478.184	844.509	349.595	69.368	788.839	299.285	33.922	946.559	374.234	22.772	1047.437	299.561	28.711	937.984	108.571	901.831	1104.775	120.919	513.372	997.995	179.559	99.979	959.418	244.489	67.245	1088.439	137.212	49.170	1195.326	165.322	54.632
381	3.80000	988.902	251.723	1689.839	958.206	459.445	1404.944	992.874	568.228	1059.841	1113.685	542.871	834.640	912.934	101.508	1386.611	880.533	10.964	1045.900	922.436	29.360	783.556	950.353	460.110	883.479	920.925	394.705	477.721	844.672	349.395	69.584	788.880	298.975	34.060	946.596	374.325	22.818	1047.497	299.520	28.540	947.545	108.422	901.371	1115.407	122.372	512.205	1030.221	179.461	92.491	996.982	245.747	59.248	1123.217	136.581	46.882	1230.399	163.262	57.380
382	3.81000	998.986	250.702	1688.708	967.673	458.948	1403.956	1002.355	567.976	1058.874	1125.319	541.896	834.629	922.973	101.088	1385.278	890.352	11.865	1043.746	932.207	31.080	782.331	958.713	460.017	882.512	924.214	394.649	477.213	844.890	349.209	69.661	789.135	298.831	34.153	946.536	374.343	22.722	1047.266	299.559	28.521	955.932	108.481	900.256	1124.925	123.800	510.410	1063.161	179.358	87.130	1031.962	246.160	52.582	1158.149	135.427	45.817	1264.599	161.315	60.402
383	3.82000	1009.396	249.605	1686.997	977.193	458.456	1402.686	1011.448	567.798	1058.110	1137.533	541.334	835.187	932.782	100.467	1383.882	901.678	11.898	1041.794	941.906	32.478	780.190	965.685	460.931	881.098	928.524	394.740	476.408	844.664	348.706	69.954	788.879	298.318	34.414	946.502	374.269	22.606	1047.300	299.463	28.368	965.994	108.160	898.863	1134.317	125.093	508.659	1095.778	178.795	82.167	1064.669	244.145	43.924	1192.554	134.303	46.069	1298.403	159.796	65.998
384	3.83000	1019.577	248.362	1685.451	986.824	457.958	1401.210	1020.867	567.486	1056.604	1148.866	540.366	835.623	942.932	100.031	1382.254	911.775	12.388	1040.319	952.115	33.449	778.646	974.152	461.217	880.396	932.374	394.883	475.692	844.860	348.578	70.088	788.809	297.992	34.487	946.546	374.223	22.741	1047.291	299.434	28.445	974.774	108.167	897.131	1143.259	126.641	506.325	1129.427	177.742	78.167	1099.862	244.361	38.708	1227.069	133.436	47.582	1331.641	158.847	73.121
385	3.84000	1029.907	247.161	1683.512	996.445	457.230	1399.874	1030.206	567.007	1055.075	1159.745	539.051	834.921	953.119	99.294	1380.478	922.372	12.438	1037.708	962.579	34.265	776.389	982.551	461.378	878.651	936.958	394.696	474.916	845.235	348.513	70.133	789.004	298.126	34.853	946.511	374.169	22.704	1047.582	299.440	28.621	983.843	108.273	895.013	1151.262	128.689	503.499	1160.624	177.263	75.876	1134.192	243.346	34.528	1261.474	132.756	49.911	1364.219	158.707	80.610
386	3.85000	1040.076	245.773	1681.734	1006.007	456.559	1398.225	1039.539	566.359	1053.907	1170.365	537.793	834.020	963.205	98.485	1378.595	932.147	12.709	1035.270	973.433	34.973	774.978	990.877	461.820	877.398	941.619	394.778	474.014	845.658	348.486	70.313	788.622	297.848	35.275	946.278	374.258	22.781	1047.805	299.471	28.708	993.780	108.132	892.768	1159.799	130.650	500.684	1193.000	176.224	74.290	1167.170	241.557	31.593	1294.673	132.182	53.700	1395.646	159.493	89.654
387	3.86000	1050.348	244.596	1679.724	1015.605	455.780	1396.508	1048.293	565.448	1051.738	1181.419	536.610	833.665	973.594	97.696	1376.638	943.060	12.332	1033.444	984.183	35.204	772.492	1000.046	461.423	875.974	946.109	394.547	473.149	843.219	348.240	72.116	788.744	297.898	35.548	946.571	374.375	22.919	1047.805	299.478	28.738	1003.626	107.959	890.616	1167.961	132.469	497.910	1223.086	174.568	74.314	1197.820	238.222	27.649	1326.601	131.995	58.675	1424.962	161.221	98.974
388	3.87000	1060.729	243.128	1677.469	1025.266	455.095	1394.799	1057.366	564.666	1049.975	1191.522	535.246	832.522	983.898	96.803	1374.396	954.151	11.991	1031.350	995.319	35.391	770.786	1009.259	461.250	874.385	951.391	394.993	472.720	846.456	348.370	70.676	788.942	297.827	35.886	946.380	374.576	23.319	1047.792	299.345	28.804	1013.365	108.175	887.613	1176.414	134.410	495.228	1251.648	173.772	74.419	1230.477	238.440	28.314	1357.225	131.672	64.474	1453.056	163.063	108.424
389	3.88000	1070.985	241.665	1675.296	1034.910	454.233	1392.696	1066.580	563.617	1047.975	1201.802	534.020	831.056	994.350	95.900	1372.155	965.153	11.276	1029.266	1006.717	34.879	767.533	1018.585	460.993	872.908	956.660	394.668	471.651	848.044	350.145	71.931	789.034	297.925	36.393	946.276	374.181	22.852	1048.020	299.239	28.865	1023.618	108.124	885.097	1184.463	136.639	492.516	1278.325	172.228	75.131	1258.742	238.985	28.330	1385.741	131.797	70.331	1478.837	165.230	117.630
390	3.89000	1081.331	240.152	1673.082	1044.695	453.366	1390.796	1075.818	562.606	1045.972	1212.288	532.987	830.157	1004.951	94.856	1369.794	975.931	10.885	1026.726	1017.885	34.119	765.065	1027.913	460.782	871.244	961.726	394.705	470.129	844.287	348.182	72.947	789.090	297.794	36.796	946.340	374.271	22.978	1048.180	299.168	28.787	1034.288	107.942	882.497	1193.507	138.823	490.190	1304.079	170.338	76.983	1282.967	239.787	27.806	1411.969	131.395	76.034	1502.225	166.485	126.533
391	3.90000	1091.663	238.542	1670.760	1054.267	452.397	1388.692	1084.606	561.120	1043.421	1221.537	531.225	828.236	1015.539	93.916	1367.325	987.208	9.782	1024.273	1029.099	33.330	762.944	1037.012	460.228	869.435	966.676	394.492	469.720	844.695	348.135	73.286	789.173	297.775	37.266	946.600	374.349	23.095	1048.000	298.973	28.763	1045.007	107.683	879.561	1203.487	140.380	488.752	1326.824	168.747	79.752	1303.500	240.776	26.849	1434.637	131.022	81.780	1523.177	167.841	134.849
392	3.91000	1101.908	236.715	1668.620	1064.016	451.489	1386.736	1093.821	559.877	1041.248	1230.830	529.844	825.805	1026.187	92.721	1365.015	997.744	8.583	1021.960	1040.204	32.343	760.139	1046.494	459.923	867.689	972.725	394.640	469.202	845.079	348.064	73.789	789.235	297.851	38.011	946.487	374.227	22.908	1048.434	298.826	28.328	1055.491	107.292	876.975	1213.759	141.859	486.903	1345.874	168.998	80.219	1320.692	241.882	25.567	1455.296	130.500	85.891	1542.224	168.759	140.443
393	3.92000	1112.085	234.866	1666.458	1073.747	450.538	1384.895	1102.651	558.295	1039.027	1239.820	528.356	823.833	1036.959	91.563	1362.602	1009.160	7.738	1018.948	1051.523	30.746	758.028	1056.023	459.403	865.908	978.529	394.440	467.689	845.501	347.995	74.214	789.345	297.896	38.931	946.389	374.211	22.963	1048.704	298.816	28.766	1066.946	106.620	874.983	1225.034	142.244	485.376	1363.161	169.196	80.406	1334.894	243.036	24.067	1472.149	131.276	87.630	1558.106	168.561	144.394
394	3.93000	1122.393	232.869	1664.519	1083.648	449.520	1382.935	1111.614	556.615	1036.787	1248.860	526.818	821.359	1047.556	90.358	1360.335	1021.285	6.095	1016.428	1062.962	29.250	755.442	1065.370	458.931	864.124	985.220	394.340	467.091	846.035	348.049	74.969	789.476	297.890	39.768	947.250	374.643	23.303	1047.498	298.216	28.029	1077.822	106.231	872.876	1236.782	142.243	484.358	1376.715	170.542	79.790	1346.454	244.168	22.457	1485.775	132.236	88.915	1571.368	168.880	144.876
395	3.94000	1132.797	230.926	1662.504	1093.440	448.369	1381.115	1120.657	554.942	1034.682	1256.973	525.170	818.572	1058.297	89.113	1358.033	1032.981	4.691	1013.969	1074.075	27.756	753.016	1074.859	458.415	862.234	991.615	394.528	465.537	847.281	350.028	76.703	789.814	298.251	41.318	946.714	374.128	23.084	1047.521	298.160	28.121	1089.553	105.383	871.380	1249.984	142.450	482.871	1387.715	171.867	78.886	1355.722	245.209	20.844	1496.286	133.407	85.824	1581.898	169.576	142.946
396	3.95000	1143.245	228.761	1660.691	1103.246	447.107	1379.506	1129.396	552.877	1032.508	1264.881	523.546	816.307	1069.191	87.812	1355.914	1045.614	3.100	1011.521	1085.367	26.203	750.608	1084.614	457.745	860.365	998.406	393.859	464.502	847.705	350.097	77.947	790.292	298.522	43.025	946.388	373.950	22.912	1048.233	298.380	28.426	1100.491	104.849	869.909	1263.127	142.792	482.095	1396.183	173.593	75.374	1363.050	246.087	19.337	1504.206	135.188	82.184	1590.310	171.247	137.906
397	3.96000	1153.823	226.471	1659.052	1113.120	445.749	1378.096	1138.551	551.255	1031.024	1272.108	521.897	813.114	1080.145	86.412	1354.030	1056.902	1.554	1010.167	1096.560	24.487	748.746	1094.047	456.800	858.122	1005.331	393.259	463.475	847.400	348.844	78.649	790.402	298.919	45.445	946.591	373.951	22.929	1048.752	298.394	28.521	1112.691	103.775	868.807	1276.544	142.683	481.233	1401.371	175.282	73.167	1368.786	246.734	18.042	1509.614	137.867	76.248	1597.189	173.419	130.060
398	3.97000	1164.191	224.262	1657.350	1122.800	444.467	1376.873	1147.577	549.060	1029.421	1280.120	520.816	811.070	1090.810	85.026	1352.190	1069.136	-0.385	1007.871	1108.361	22.805	746.939	1104.013	455.827	856.599	1013.206	392.960	462.285	848.429	349.085	80.260	790.845	299.096	47.705	946.675	373.926	22.994	1049.063	298.388	28.457	1124.418	103.017	867.786	1290.582	142.512	480.751	1404.652	177.725	68.201	1373.280	247.080	17.067	1513.104	140.844	69.935	1601.954	177.551	120.410
399	3.98000	1174.539	221.806	1655.869	1132.790	443.083	1375.633	1156.160	546.787	1028.105	1287.074	519.225	808.546	1101.982	83.529	1350.464	1080.808	-1.817	1006.824	1119.922	20.718	745.049	1114.113	454.582	854.631	1021.196	392.264	461.321	853.172	349.782	79.914	791.084	299.844	50.799	946.842	373.802	23.020	1048.907	298.265	28.396	1137.072	101.857	867.098	1304.044	142.273	480.674	1405.304	180.222	63.486	1376.883	247.055	16.520	1514.107	144.463	62.264	1604.569	182.301	109.646
400	3.99000	1185.150	219.678	1654.573	1142.565	441.547	1374.850	1164.912	544.857	1026.946	1293.617	517.841	805.948	1112.802	82.047	1348.988	1092.905	-3.543	1005.171	1131.291	18.725	743.535	1124.308	453.284	852.924	1029.099	391.747	460.544	854.508	350.235	81.984	791.639	300.359	54.126	946.867	373.789	22.978	1048.947	298.197	28.361	1150.401	100.572	866.355	1317.903	141.983	480.075	1405.513	182.691	60.657	1379.944	246.589	16.509	1513.900	148.399	53.805	1607.425	187.064	97.674
401	4.00000	1195.774	217.148	1653.429	1152.216	439.960	1373.873	1173.315	542.539	1025.682	1301.201	517.288	803.995	1123.679	80.394	1347.535	1104.911	-5.668	1004.163	1144.508	16.215	742.422	1135.047	451.840	851.448	1038.017	391.609	460.226	856.101	350.701	84.530	792.520	300.906	57.682	947.061	373.635	23.049	1048.879	297.957	27.816	1163.985	99.460	865.348	1331.208	141.681	479.898	1407.154	186.059	60.461	1382.813	245.613	17.140	1514.674	150.887	46.896	1614.549	192.167	85.113
402	4.01000	1206.321	214.609	1652.755	1161.931	438.410	1373.375	1181.552	540.514	1024.727	1306.527	515.778	801.187	1134.638	78.686	1346.469	1116.931	-7.662	1002.779	1156.170	14.290	741.166	1145.881	450.131	849.875	1047.360	390.379	459.231	857.901	351.426	87.532	793.787	302.028	62.436	947.280	373.726	23.075	1049.101	297.637	28.006	1177.742	97.664	864.977	1343.793	141.445	479.891	1414.714	183.868	62.907	1385.841	244.056	18.523	1519.089	151.583	42.031	1624.212	192.655	74.963
403	4.02000	1216.816	212.034	1652.762	1171.438	437.017	1373.155	1189.368	538.118	1023.907	1311.655	514.244	798.786	1145.622	77.063	1345.757	1128.629	-9.199	1001.924	1169.311	12.315	740.089	1157.029	448.462	848.419	1056.950	389.590	459.796	859.724	353.330	90.571	795.326	302.938	67.749	947.638	373.510	23.304	1049.134	297.519	27.950	1191.560	95.766	865.495	1355.523	140.308	481.087	1425.985	182.137	61.210	1389.376	241.849	20.763	1529.060	151.799	37.693	1632.906	191.448	68.022
404	4.03000	1227.397	209.517	1652.994	1181.415	435.680	1373.563	1197.500	535.996	1023.639	1317.316	513.502	797.225	1156.589	75.506	1345.254	1141.326	-11.416	1001.209	1181.611	10.287	739.436	1168.356	447.124	847.573	1067.249	388.919	459.938	861.842	353.588	94.847	797.195	303.323	73.813	948.007	373.396	23.569	1049.363	297.475	28.264	1205.019	94.337	866.988	1367.742	138.717	482.740	1432.768	180.107	60.135	1393.770	238.923	23.969	1540.631	153.307	34.934	1639.922	195.970	62.720
405	4.04000	1238.113	206.965	1653.495	1191.253	434.171	1373.982	1205.495	533.961	1023.984	1322.163	512.613	795.589	1167.364	73.880	1345.027	1153.399	-12.874	1001.824	1195.097	7.771	739.430	1180.351	445.794	847.212	1078.926	388.423	460.027	865.283	353.347	100.535	799.804	303.620	80.315	948.475	373.214	23.971	1049.266	297.314	28.051	1218.116	92.935	869.509	1381.057	136.847	484.178	1437.461	178.523	59.864	1394.321	236.384	24.732	1546.490	153.528	30.561	1644.978	203.107	53.389
406	4.05000	1248.682	204.542	1653.934	1201.156	432.733	1374.901	1213.684	531.666	1024.705	1326.343	511.353	793.867	1178.182	72.302	1345.476	1166.394	-14.989	1002.138	1208.448	5.454	740.344	1193.024	444.073	847.146	1090.574	388.054	460.171	868.821	354.187	105.518	803.012	304.483	87.607	949.208	373.004	24.576	1049.410	297.290	28.070	1231.170	91.397	871.520	1394.760	135.615	484.773	1439.235	178.530	58.977	1394.734	234.417	25.297	1545.239	151.148	28.048	1647.814	209.061	41.873
407	4.06000	1259.153	202.152	1654.478	1211.112	431.177	1375.871	1221.981	529.618	1025.504	1330.460	510.299	792.929	1188.776	70.549	1345.854	1179.156	-16.903	1002.940	1221.696	3.358	741.138	1205.189	442.349	847.285	1103.464	387.895	460.559	873.707	355.481	111.566	807.131	305.418	96.041	950.130	373.045	25.441	1049.518	297.104	28.162	1243.836	89.942	873.360	1408.245	134.425	485.069	1439.398	178.588	58.595	1395.024	232.962	25.685	1544.124	150.518	27.419	1650.341	210.459	32.432
408	4.07000	1269.598	199.597	1655.395	1221.223	429.448	1377.261	1229.702	527.674	1026.251	1335.006	510.024	792.548	1199.348	68.819	1346.904	1191.110	-18.201	1003.292	1235.105	1.414	741.922	1219.648	439.661	847.077	1118.575	388.036	461.261	878.342	356.564	117.562	812.166	306.693	105.249	951.236	373.062	26.230	1049.564	297.003	28.073	1255.762	88.588	875.036	1421.356	133.818	485.563	1438.996	179.236	59.053	1395.206	231.959	25.919	1544.930	150.869	27.627	1651.030	207.858	30.145
409	4.08000	1280.035	197.172	1656.665	1231.360	427.774	1379.016	1237.776	526.154	1027.811	1338.993	509.013	791.942	1209.794	67.235	1347.667	1203.796	-20.072	1004.499	1249.332	-1.180	743.070	1231.674	438.209	847.506	1133.386	387.895	461.234	884.148	358.309	124.627	818.451	307.956	115.182	952.332	373.353	27.248	1049.440	296.945	27.645	1268.504	86.593	876.652	1433.850	133.035	486.784	1440.267	179.314	59.505	1395.294	231.348	26.021	1546.205	150.268	27.318	1650.906	206.903	31.581
410	4.09000	1290.506	194.697	1658.120	1241.654	426.189	1380.690	1245.444	524.367	1029.373	1343.186	508.539	792.048	1220.534	65.506	1349.025	1216.899	-22.250	1006.164	1263.786	-3.221	745.081	1246.008	435.998	847.951	1151.223	388.008	460.769	891.874	360.341	131.977	826.343	309.442	126.191	953.542	373.765	28.299	1049.514	297.506	27.801	1280.703	84.891	878.450	1442.505	132.247	486.882	1442.581	178.367	59.868	1395.302	231.071	26.014	1546.018	150.183	27.026	1651.627	209.540	31.494
